,0
2AGPGAT120,1.0
2AGPGAT141,1.0
2AGPGAT180,1.0
3HAD160,1.0
3OAR120,1.0
3OAR141,1.0
3OAR161,1.0
3OAS140,1.0
3OAS161,1.0
4HTHRS,1.0
AACPS5,1.0
AACPS6,1.0
AACPS9,1.0
ACACT2r,1.0
ACACT3r,1.0
ACCOAL,1.0
ACOAD1f,0.9999999999999969
ACOAD7f,0.9999999999999969
ACOATA,0.9999999999999969
ACOTA,0.9999999999999969
ACPPAT141,0.9999999999999969
ACPPAT161,0.9999999999999969
ADCS,0.9999999999999969
ADNK1,0.9999999999999969
AGPAT180,0.9999996216245787
ALATA_L,0.9973086045702195
ALATRS,0.9999999999999969
ALCD2x,0.9999999999999969
ARGTRS,0.9999999999999969
ASPTA,0.9999999999999969
ASPTRS,0.9999999999999969
CBPS,0.9999999999999969
CRNDCAL2,0.9999999999999969
CTECOAI6,0.9999999999999969
DASYN161,0.9999999999999969
DHFS,0.9999999999999969
DPR,0.9999999999999969
DUTPDP,0.9999999999999969
DXPRIi,0.9999999999999969
E4PD,0.9999999999999969
EAR100x,0.9999999999999974
EAR120y,0.9999999999999974
EAR140y,0.9999999999999974
EAR141x,0.9999999999999974
EAR161y,0.9999999999999974
EAR180x,0.9999999999999974
EAR180y,0.9999999999999974
EAR181y,0.9999999999999974
EAR40y,0.9999999999999974
EAR80y,0.9999999999999974
ECOAH1,0.9999999999999974
ECOAH2,0.9999999999999974
ECOAH6,0.9999999999999974
ECOAH8,0.9999999999999974
EPMEACPR,0.9999999999999974
FBA,0.9999999999999974
FBP,0.9999999999999974
FUM,-2.2613019039019238e-13
G3PAT141,0.9999999999999979
G3PAT180,0.9999996216245797
G3PT,0.5178586908796624
GDMANE,0.9999999999999986
GLCP,0.9999999999999986
GLNS,0.9350486760357173
GLUSy,0.9948148646923247
GLUTRS,0.9999999999999992
GLYCL,0.9999999999999992
GMAND,0.9999999999999992
GMHEPAT,0.9999999999999992
GRXR,0.9999999999999992
GTHOr,0.9999999999999992
GTPCI,0.9999999999999992
HBZOPT,0.9999999999999992
HYPOE,0.9999999999999992
I4FE4ST,0.9999999999999992
ILETA,0.9999999999999992
IMPD,0.9999999999999992
LCADi,0.9999999999999992
LIPATPT,0.9999999999999992
LYSTRS,0.9999999999999992
MACPD,0.9999999999999992
MAN1PT2,0.9999999999999992
MEPCT,0.9999999999999992
METAT,0.9999999999999992
MLTG5,0.9999999999999992
MLTP1,0.9999999999999992
MOADSUx,0.9999999999999992
MOHMT,0.9999999999999992
MPTSS,0.9999999999999992
NADK,0.9999999999999992
NDPK3,0.9999999999999992
NDPK5,1.0000000000000007
NDPK6,1.0000000000000007
NNAM,1.0000000000000007
NTD10,1.0000000000000007
NTD2,1.0000000000000007
NTD5,1.0000000000000007
NTD7,1.0000000000000007
NTD8,1.1940027726408341e-13
NTP1,0.9999999999999968
NTPP1,-9.780498520872441e-15
OCTDPS,1.0000000000000016
PANTS,1.0000000000000016
PGCD,5.660576225104034e-15
PGSA141,0.9999999999999861
PGSA181,0.9999999999999861
PNTK,0.9999999999999861
PPBNGS,0.9999999999999861
PPCDC,0.9999999999999861
PPCK,0.9999999999999861
PPPNDO,0.9999999999999861
PSERT,2.8013162630094467e-14
PSP_L,2.8013162630094467e-14
PYK,0.999999999999996
R5PP,0.999999999999996
RBFK,0.999999999999996
RNDR1b,0.999999999999996
RNDR2b,0.999999999999996
RNDR3,0.999999999999996
RNDR3b,0.999999999999996
RNDR4b,0.999999999999996
RPI,0.999999999999996
S2FE2SS2,0.999999999999996
S4FE4ST,0.999999999999996
SCYSDS,0.999999999999996
SDPTA,0.999999999999996
SELNPS,0.999999999999996
SERASr,0.999999999999996
SUCOAS,0.999999999999996
THFAT,0.999999999999996
TPI,0.999999999999996
TRDR,0.999999999999996
UGLYCH,0.999999999999996
VALTRS,0.999999999999996
THZPSN,0.999999999999996
2HMHMBQMTm,0.999999999999996
3DSPHR,0.999999999999996
ACGAMPM,0.999999999999996
AHCi,0.999999999999996
AKGDam,0.999999999999996
ALCD19y,0.999999999999996
ALDD20xm,0.999999999999996
ARMT,0.999999999999996
ASPGLU2m,0.999999999999996
CERH124,0.999999999999996
CITtcm,0.999999999999996
CTPtm,0.999999999999996
CYSTS,0.999999999999996
D_LACDm,0.999999999999996
EHGLAT,0.999999999999996
ERGSTt,0.999999999999996
FACOAL180,0.999999999999996
FAS120,0.999999999999996
FAS160,0.999999999999996
FAS161,0.999999999999996
FAS181,0.999999999999996
GCC2cm,0.999999999999996
GLUDxi,0.999999999999996
GLYCt2,0.999999999999996
GTPH1,0.999999999999996
HPROa,0.999999999999996
HPROb,0.999999999999996
ILETAm,0.999999999999996
ILETRSm,0.999999999999996
INSTt2,0.999999999999996
LNS14DM,0.999999999999996
MCITSm,0.999999999999996
MDHm,0.999999999999996
NAPRT,0.999999999999996
NFTYROX,0.999999999999996
ORNTA,0.999999999999996
PDE5,0.999999999999996
PI35BP5P_SC,0.999999999999996
PIN3K_SC,0.999999999999996
PRO1xm,0.999999999999996
PSERDm_SC,0.999999999999996
RNTR1,0.999999999999996
RNTR2,0.999999999999996
RNTR3,0.999999999999996
SUCFUMtm,0.999999999999996
SUCOASm,0.999999999999996
THFGLUS,0.999999999999996
THMPPt2m,0.999999999999996
THRTRSm,0.999999999999996
VALTRSm,0.999999999999996
ZYMSTt,0.999999999999996
4M2OPLOXRD,0.999999999999996
ACOAD1,0.999999999999996
ACOAD6,0.999999999999996
ALCD1,0.999999999999996
CRNabc,0.999999999999996
G3PCT,0.999999999999996
GCCa,0.999999999999996
HEXTT,0.999999999999996
KAS1,0.999999999999996
KAS16,0.999999999999996
KAS3,0.999999999999996
KAS5,0.999999999999996
KAS6,0.999999999999996
KAS7,0.999999999999996
ORNTAC,0.999999999999996
SUCD1,0.999999999999996
SULabc,0.999999999999996
URFGTT,0.999999999999996
OXPTNDH,0.999999999999996
ARABDI,0.999999999999996
DKFPS2,0.999999999999996
NICRNS,0.999999999999996
NADS1m,0.999999999999996
OMBZLM6m,0.999999999999996
BZ12DOX,0.999999999999996
DH4MCHCDH,0.999999999999996
HIBDkt,0.999999999999996
MACCOAT,0.999999999999996
PDHa,0.999999999999996
PPNCL,0.999999999999996
C160SN,0.999999999999996
C190cSN,0.999999999999996
KAS_HP2,0.999999999999996
PREPTHS2,0.999999999999996
MI4PP,0.999999999999996
MI3PP,0.999999999999996
MCBTS3,0.999999999999996
TSULabc,0.999999999999996
FRDO2r,0.999999999999996
CAt4,0.999999999999996
CAATPS,0.999999999999996
FASm2802,0.999999999999996
FASm2801,0.999999999999996
FASm2402,0.999999999999996
FASm2202,0.999999999999996
FASm220,0.999999999999996
FASm2002,0.999999999999996
FASm1801,0.999999999999996
FASm1601,0.999999999999996
FAO11,0.999999999999996
FAMPL4,0.999999999999996
FAMPL3,0.999999999999996
FAMPL1,0.999999999999996
FACOALPREPH,0.999999999999996
ADK2,0.999999999999996
ARGabc,0.999999999999996
ACTDa,0.999999999999996
BZSCD,0.999999999999996
FADMQOR,0.9999999999999932
MOTH2,0.9999999999999953
MOTH3,0.9999999999999953
VCACT,0.9999999999999953
DASYN181_9,0.9999999999999953
DASYN182_9_12,0.9999999999999953
DASYN184_6_9_12_15,0.9999999999999953
DES_9,0.9999999999999953
PYK4,0.9999999999999953
ACOAD9m,0.9999999999999953
CYTDK1,0.9999999999999953
FACOAL1821,0.9999999999999953
NDPK7m,0.9999999999999953
NDPK8m,0.9999999999999953
NDPK9m,0.9999999999999953
MDHi2,0.9999999999999953
MDHy,0.9999999999999923
SO4t2,0.9999999999999923
C100SN,0.9999999999999923
FASC160ACP,0.9999999999999923
FASC200ACP,0.9999999999999923
FASC201ACP,0.9999999999999923
MCLORi,0.9999999999999923
CLPNS160,0.9999999999999923
CY_focytb5_c,0.9999999999999923
PE1801829Z12Zt,0.9999999999999923
PE18111Z1829Z12Zt,0.9999999999999923
PE18111Z1835Z9Z12Zt,0.9999999999999923
PE1819Z1819Zt,0.9999999999999923
PE1819Z1845Z9Z12Z15Zt,0.9999999999999923
PGP18111Z160t,0.9999999999999923
AKGICITtm,0.9999999999999923
MALOAAtm,0.9999999999999925
NA1ATPasem,0.9999999999999925
OAACITtm,0.9999999999999925
PIcm,0.9999999999999922
BTS_nadph,0.9999999999999922
HBCO_nadp,0.9999999999999922
HBCO_nadp_m,0.9999999999999922
ACSERSULLm,0.9999999999999922
MEGLYXYLAMH,0.9999999999999922
CYTP450R,0.9999999999999922
ACACT3m,0.9999999999999922
ACACT6m,0.9999999999999922
IAGT,0.9999999999999922
ACOADAGAT16018111Z180,0.9999999999999922
ACOADAGAT16018111Z18111Z,0.9999999999999922
ACOADAGAT16018111Z1819Z,0.9999999999999922
ACOADAGAT1601819Z180,0.9999999999999922
ACOADAGAT1801819Z18111Z,0.9999999999999922
ACOADAGAT1801819Z1845Z9Z12Z15Z,0.9999999999999922
ACOADAGAT18111Z18111Z160,0.9999999999999922
ACOADAGAT18111Z1819Z18111Z,0.9999999999999922
ACOADAGAT18111Z1819Z1819Z,0.9999999999999922
ACOADAGAT18111Z1819Z1845Z9Z12Z15Z,0.9999999999999922
ACOADAGAT1819Z18111Z1845Z9Z12Z15Z,0.9999999999999922
ACOADAGAT1819Z1819Z18111Z,0.9999999999999922
ACOADAGAT1819Z1819Z1819Z,0.9999999999999922
DAGAH1801819Z,0.9999999999999922
FACOAL18111Z,0.9999999999999922
TAGAH16018111Z18111Z,0.9999999999999922
TAGAH16018111Z1835Z9Z12Z,0.9999999999999922
TAGAH1801819Z1819Z,0.9999999999999922
TAGAH18111Z18111Z180,0.9999999999999922
TAGAH18111Z18111Z1819Z,0.9999999999999922
TAGAH1819Z18111Z160,0.9999999999999922
TAGAH1819Z18111Z18111Z,0.9999999999999922
TAGAH1819Z18111Z1835Z9Z12Z,0.9999999999999922
TAGAH1819Z18111Z1845Z9Z12Z15Z,0.9999999999999922
TAGAH1819Z1819Z160,0.9999999999999922
TAGAH1819Z1819Z1819Z,0.9999999999999922
1AGPEAT1801835Z9Z12Z,0.9999999999999922
1AGPEAT1819Z1829Z12Z,0.9999999999999922
1AGPEAT1819Z1835Z9Z12Z,0.9999999999999922
CDIPT1819Z160,0.9999999999999922
CDPDAGS1819Z160,0.9999999999999922
ETHAPT1801819Z,0.9999999999999922
ETHAPT18111Z1819Z,0.9999999999999922
LPLPS1AGPE180,0.9999999999999922
LPLPS1AGPE1819Z,0.9999999999999922
PLPSA21801829Z12Z,0.9999999999999922
PLPSA21801845Z9Z12Z15Z,0.9999999999999922
PLPSA218111Z1845Z9Z12Z15Z,0.9999999999999922
GCLDH,0.9999999999999922
GLYTLm,0.9999999999999922
GLUKA,0.9999999999999922
PDHam1mi,0.9999999999999922
BDMT,0.9999999999999922
NITR,0.9999999999999922
PROAKGOX1,0.9999999999999922
FTCL,0.9999999999999922
MTAM,0.9969002946132998
MTAM_nh4,1.0000000000000007
APCPT,1.0000000000000007
APNPT,1.0000000000000007
MTMOHT,1.0000000000000007
ABOR,1.0000000000000007
PTOR,1.0000000000000007
AASPm,1.0000000000000007
ATGDm,1.0000000000000007
DAPOP,1.0000000000000007
GPAR,0.998954721826925
IMPDm,1.0000000000000007
DGTCY,1.0000000000000007
DHR,1.0000000000000007
DHROm,1.0000000000000007
DTTUP,1.0000000000000007
ITCY,1.0000000000000007
HYDAm,1.0000000000000007
PHOMSELCYSL,1.0000000000000007
SELCYSLY2_1,1.0000000000000007
MCTC,1.0000000000000007
MOD_4mop,1.0000000000000007
PYDXO_1,0.666666666666668
ACOAD20,1.0000000000000007
ACOAD4_1,1.0000000000000007
ACTNabc,1.0000000000000007
ALDD12,1.0000000000000007
ALDD17,1.0000000000000007
ALDD3,1.0000000000000007
ALDD31_1,1.0000000000000007
ALDD4x,1.0000000000000007
CYSS_2,1.0000000000000007
DRIBabc,1.0000000000000007
FACOAL140_ISO,1.0000000000000007
FACOAL150_anteiso,1.0000000000000007
FACOAL160_ISO,1.0000000000000007
FACOAL170_ISO,1.0000000000000007
FACOAL170_anteiso,1.0000000000000007
FACOAL180_2,1.0000000000000007
G3PD4,1.0000000000000007
HOXPRx,1.0000000000000007
PHCYT_BS,1.0000000000000007
2AGPEAT140,1.0000000000000007
2AGPEAT160,1.0000000000000007
2AGPGAT161,1.0000000000000007
3HAD140,1.0000000000000007
3HAD141,1.0000000000000007
3HAD181,1.0000000000000007
3HAD60,1.0000000000000007
3OAR140,1.0000000000000007
3OAR80,1.0000000000000007
3OAS121,1.0000000000000007
3OAS160,1.0000000000000007
3OAS180,1.0000000000000007
3OAS181,1.0000000000000007
3OAS80,1.0000000000000007
3OXCOAT,1.0000000000000007
AACPS1,1.0000000000000007
AACPS3,1.0000000000000007
AACPS4,1.0000000000000007
AACPS7,1.0000000000000007
ABUTD,1.0000000000000007
ACACT1r,1.0000000000000007
ACACT8r,1.0000000000000007
ACCOAC,1.0000000000000007
ACOAD2f,1.0000000000000007
ACOAD6f,1.0000000000000007
ACONTa,1.0000000000000007
ACPPAT120,1.0000000000000007
ACPPAT140,1.0000000000000007
ACPPAT160,1.0000000000000007
ACS,-6.059723249937383e-13
ADSL1r,7.625207280252508e-14
AGPAT141,0.999999999999998
ALDD2y,0.9999999999999987
ALDD4,0.9999999999999987
AMPTASECG,0.9999999999999987
AOXSr2,0.9999999999999987
ASNS1,0.9999999999999987
ASPCT,0.9999999999999987
ASPK,0.9999999999999987
BETALDHy,0.9999999999999987
BPNT,0.9999999999999987
BSORx,0.9999999999999987
BSORy,0.9999999999999987
CAT,0.9999999999999987
CRNCDH,0.9999999999999987
CTPS2,0.9999999999999987
CYSS,0.9999999999999987
DADK,0.9999999999999987
DASYN120,0.9999999999999987
DASYN141,0.9999999999999987
DASYN160,0.9999999999999987
DHDPS,0.9999999999999987
DHPS2,0.9999999999999987
DHQTi,0.0
DMPPS,0.9999999999999949
DMQMT,0.9999999999999949
DNMPPA,0.9999999999999949
DRPA,1.2449318008577062e-14
DXPS,1.0000000000000002
EAR120x,1.0000000000000002
EAR140x,1.0000000000000002
EAR141y,1.0000000000000002
EAR160y,1.0000000000000002
ECOAH3,1.0000000000000002
EGMEACPR,1.0000000000000002
ENO,0.997366954868324
FLVR,0.9999999999999997
FMETTRS,0.9999999999999997
FMNRx2,0.9999999999999997
G2PP,0.9999999999999997
G3PAT181,0.9999999999999997
G3PD2,0.9999383618660193
G3PD6,0.9999999999999947
GALKr,0.9999999999999947
GALS3,0.9999999999999947
GAPD,-1.4964346157730496e-12
GCALDD,0.9999999999999042
GGGABADr,0.9999999999999042
GK1,0.9999999999999042
GLU5K,0.9999999999999042
GLUDy,0.9999999999999042
GLUN,0.9999999999999042
GLYAT,0.9999999999999042
GOFUCR,0.9999999999999042
GTHPi,0.9999999999999042
HACD2,0.9999999999999042
HACD3,0.9999999999999042
HACD6,0.9999999999999042
HACD8,0.9999999999999042
HEX1,0.9999999999999042
HEX7,0.9999999999999042
HISTP,0.9999999999999042
HXPRT,0.9999999999999042
I2FE2SS,0.9999999999999042
I2FE2SS2,0.9999999999999042
I2FE2ST,0.9999999999999042
I4FE4SR,0.9999999999999042
KAS15,1.0000000000000528
LIPOS,1.0000000000000528
MAN6PI,1.0000000000000528
MCITL2,1.0000000000000528
MCITS,1.0000000000000528
METSOXR2,1.0000000000000528
MLTP2,1.0000000000000528
MLTP3,1.0000000000000528
MTHFC,1.0000000000000528
NADPHQR3,1.0000000000000528
NAMNPP,1.0000000000000528
NDPK4,1.0000000000000528
NTD1,1.0000000000000528
NTPP11,1.0000000000000528
OCTNLL,1.0000000000000528
OGMEACPR,1.0000000000000528
OMPDC,1.0000000000000528
OPMEACPD,1.0000000000000528
OPMEACPR,1.0000000000000528
PERD,1.0000000000000528
PGM,1.0000000000000528
PGSA120,1.0000000000000528
PGSA180,1.0000000000000528
PHETRS,1.0000000000000528
PPNCL2,1.0000000000000528
PYAM5PO,1.0000000000000528
SADT2,1.0000000000000528
SHKK,0.0
SPODM,0.9999999999999947
SUCDi,0.9999999999999947
THIORDXi,0.9999999999999947
THRS,0.9999999999999947
TKT1,0.9999999999999947
TRE6PS,0.9999999999999947
TYRTA,0.9999999999999947
UDCPDPS,0.9999999999999947
UMPK,0.9999999999999947
UPPRT,0.9999999999999947
XPPT,0.9999999999999947
AOXSr,0.9999999999999947
KAT1,0.9999999999999947
UNK3,0.9999999999999947
ACACT1m,0.9999999999999947
ALDD20y,0.9999999999999947
ARABR,0.9999999999999947
ASNTRSm,0.9999999999999947
C22STDS,0.9999999999999947
CYOR_u6m,0.9999999999999947
DAGCPT_SC,0.9999999999999947
DCMPDA,0.9999999999999947
DRTPPD,0.9999999999999947
DXHPScm,0.9999999999999947
D_LACDcm,0.9999999999999947
EPISTAT_SC,0.9999999999999947
FACOAL182,0.9999999999999947
FAS160COA,0.9999999999999947
FAS180,0.9999999999999947
FAS240_L,0.9999999999999947
FAS80_L,0.9999999999999947
FECOSTt,0.9999999999999947
G5SD2,0.9999999999999947
GCC2bim,0.9999999999999947
GCCam,0.9999999999999947
GCCbim,0.9999999999999947
GK2,0.9999999999999947
GLUt7m,0.9999999999999947
GTHPm,0.9999999999999947
HBZOPT6m,0.9999999999999947
HEMEOMOm,0.9999999999999947
HISTRSm,0.9999999999999947
LEUTAm,0.9999999999999947
LEUTRSm,0.9999999999999947
L_LACD2cm,0.9999999999999947
METB1,0.9999999999999947
MTHFDm,0.9999999999999947
NNAMrm,0.9999999999999947
NTRLASE,0.9999999999999947
NTRLASE2,0.9999999999999947
OMCDCm,0.9999999999999947
PETHCT,0.9999999999999947
PHETRSm,0.9999999999999947
PI45BP5P_SC,0.9999999999999947
PIt5m,0.9999999999999947
RNTR4,0.9999999999999947
SADT,0.9999999999999947
THIORDXm,0.9999999999999947
UDPACGLP,0.9999999999999947
URIK1,0.9999999999999947
AKGDb,0.9999999999999947
Cut1,0.9999999999999947
FORt2,0.9999999999999947
KAS10,0.9999999999999947
KAS19SA,0.9999999999999947
KAS2,0.9999999999999947
KAS20SA,0.9999999999999947
KAS8,0.9999999999999947
LDH_L,0.9999999999999947
PGSA_SA,0.9999999999999947
UPPDC2,0.9999999999999947
LCADm,0.9999999999999947
MTHFCm_1,0.9999999999999947
MTHFDm_1,0.9999999999999947
ACS2,0.9999999999999947
CYO1b,0.9999999999999947
ECOAH9ir,0.9999999999999947
GLYALDDr,0.9999999999999947
MCCC,0.9999999999999947
METGL,0.9999999999999947
MMTSAO,0.9999999999999947
C181SN,0.9999999999999947
MDH4,0.9999999999999947
PREPTHS,0.9999999999999947
PPDIMAS,0.9999999999999947
PHYCBOXL,0.9999999999999947
P5CRx,0.9999999999999947
MCBTS2,0.9999999999999947
MCBTS,0.9999999999999947
GMT1,0.9999999999999947
GLNSP2,0.9999999999999947
FRDO3r,0.9999999999999947
MYCON4,0.9999999999999947
Cuabc,0.9999999999999947
FE3abc,0.9999999999999947
FASm2601,0.9999999999999947
FASm260,0.9999999999999947
FASm180,0.9999999999999947
FAO2,0.9999999999999947
FAMPL2,0.9999999999999947
FACOAL80,0.9999999999999947
FACOAL200,0.9999999999999947
4HALDD,0.9999999999999947
GLYOX_2,0.9999999999999947
XYLt2,0.9999999999999947
ACTD,0.9999999999999947
3HOPCD,0.9999999999999947
CPPPGOAN2,0.9999999999999947
FLNDPR2r,0.9999999999999947
LPD5,0.9999999999999947
MOTH1,0.9999999999999947
VECOAH,0.9999999999999947
GLUK_syn,0.9999999999999947
POR_1,0.9999999999999947
ACOAD8m,0.9999999999999947
ACYP,2.548902626596824e-13
ADNK1m,0.9999999999999959
ETF,0.9999999999999959
G5SDym,0.9999999999999959
NDPK6m,0.9999999999999959
NOS1,0.9999999999999959
NT5C,0.9999999999999959
P5CRm,0.9999999999999959
AGAIAGT,0.9999999999999959
NaKt_1,0.9999999999999959
PPA_1,0.9964816651392588
SLDy,0.9999999999999994
ATPS10_3,0.9999999999999994
FASC181ACP,0.9999999999999994
FASC220ACP,0.9999999999999994
FASC221ACP,0.9999999999999994
FASC240ACP,0.9999999999999994
FPGS_tm,0.9999999999999994
Kt1,0.9999999999999994
PPANA,0.9999999999999994
SPTc,0.9973669548683235
ACOAD1z,0.9999999999999974
CLPNS161,0.9999999999999974
CLPNS180,0.9999999999999974
PAIL1819Z160t,0.9999999999999974
PE1801819Zt,0.9999999999999974
PE1819Z1829Z12Zt,0.9999999999999974
PG18111Z160t,0.9999999999999974
PG1819Z160t,0.9999999999999974
PGP1819Z160t,0.9999999999999974
ATP_3h_tm,0.9999999999999984
MALICITtm,0.9999999999999984
OAAICITtm,0.9999999999999984
TSULtm,0.9999999999999984
UMPU,0.9999999999999984
ACSERSULL,0.9999999999999984
LIDOAMH,0.9999999999999984
ACACT2m,0.9999999999999984
ACACT7m,0.9999999999999984
ECOAH3m,0.9999999999999984
ECOAH4m,0.9999999999999984
MPAKI,0.9999999999999984
ACOADAGAT16018111Z1835Z9Z12Z,0.9999999999999984
ACOADAGAT1601819Z18111Z,0.9999999999999984
ACOADAGAT1601819Z1819Z,0.9999999999999984
ACOADAGAT1601819Z1835Z9Z12Z,0.9999999999999984
ACOADAGAT18111Z1819Z1835Z9Z12Z,0.9999999999999984
ACOADAGAT1819Z18111Z1819Z,0.9999999999999984
ACOADAGAT1819Z1819Z180,0.9999999999999984
DAGAH16018111Z,0.9999999999999984
DAGAH18111Z18111Z,0.9999999999999984
DAGK16018111Z,0.9999999999999984
DAGK1801819Z,0.9999999999999984
DAGK1819Z1819Z,0.9999999999999984
TAGAH1601819Z18111Z,0.9999999999999984
TAGAH1601819Z1835Z9Z12Z,0.9999999999999984
TAGAH1801819Z180,0.9999999999999984
TAGAH18111Z18111Z160,0.9999999999999984
TAGAH18111Z18111Z18111Z,0.9999999999999984
TAGAH18111Z1819Z160,0.9999999999999984
TAGAH18111Z1819Z18111Z,0.9999999999999984
TAGAH1819Z18111Z1819Z,0.9999999999999984
TAGAH1819Z1819Z180,0.9999999999999984
TAGAH1819Z1819Z1835Z9Z12Z,0.9999999999999984
1AGPEAT18111Z1819Z,0.9999999999999984
PGPS18111Z160,0.9999999999999984
PLPSA21801835Z9Z12Z,0.9999999999999984
PLPSA218111Z1829Z12Z,0.9999999999999984
PLPSA218111Z1835Z9Z12Z,0.9999999999999984
PLPSA21819Z1819Z,0.9999999999999984
PLPSA21819Z1829Z12Z,0.9999999999999984
PLPSA21819Z1835Z9Z12Z,0.9999999999999984
G6PI_1,0.9999999999999984
PGCM,0.9999999999999984
PDHe2r,0.9999999999999984
MATm,0.9999999999999984
G16MT,0.9999999999999984
MG2A,0.9999999999999984
MG2B,0.9999999999999984
MG3A,0.9999999999999984
CYOR_q8_m,0.9999999999999984
IDPm,0.9999999999999984
2DHPFALDL,0.9999999999999984
APPAT,0.9999999999999984
G6PADH,0.9999999999999984
GCPN,0.9999999999999984
GMP5N,0.9999999999999984
UTUP,0.9999999999999984
SUCHMSSELCYSL,0.9999999999999984
ABFPT,0.9999999999999984
SUCLm,0.9999999999999984
SUCDH_q8_m,0.9999999999999984
DHRT_ivcoa,0.9999999999999984
MOD_2mhop,0.9999999999999984
MOD_3mhtpp,0.9999999999999984
PYDXS,0.9999999999999984
ACACT5r_1,0.9999999999999984
ACTNabc1,0.9999999999999984
AHSERL3,0.9999999999999984
ALDD11,0.9999999999999984
ALDD14,0.9999999999999984
ALDD15,0.9999999999999984
ALDD18,0.9999999999999984
ALDD32,0.9999999999999984
ALDD8,0.9999999999999984
ARABRr,0.9999999999999984
CA2abc1,0.9999999999999984
ECOAH2c,0.9999999999999984
FACOAL171_anteiso,0.9999999999999984
FMETDF,0.9999999999999984
LDH2,0.9999999999999984
RIBabc1,0.9999999999999984
SULR_1,0.9999999999999984
TRPAS1,0.9999999999999984
UAG4E,0.9999999999999984
2AGPEAT141,0.9999999999999984
2AGPGAT160,0.9999999999999984
3HAD121,0.9999999999999984
3HAD161,0.9999999999999984
3HAD180,0.9999999999999984
3HAD80,0.9999999999999984
3OAR121,0.9999999999999984
3OAR160,0.9999999999999984
3OAR180,0.9999999999999984
3OAS100,0.9999999999999984
3OAS120,0.9999999999999984
3OAS60,0.9999999999999984
ACACT4r,0.9999999999999984
ACACT5r,0.9999999999999984
ACOAD5f,0.9999999999999984
ACOAD8f,0.9999999999999984
ACPPAT180,0.9999999999999984
ADD,0.9999999999999984
ADK3,0.9999999999999984
ADNCYC,0.9999999999999984
ADPT,0.9999999999999984
ADSK,0.9999999999999984
ADSS,4.542445869333392e-14
AGPAT161,0.9999999999999916
ALATA_D2,0.9999999999999916
ALATA_L2,0.9999999999999916
AMALT3,0.9999999999999916
AMPN,0.9999999999999916
AP4AS,0.9999999999999916
ARGDC,0.9999999999999916
ASAD,0.9999999999999916
ASNN,1.8659485540469546e-14
BETALDHx,0.9999999999999895
CINNDO,0.9999999999999895
CPMPS,0.9999999999999895
CS,0.9999999999999895
CSND,0.9999999999999895
CTECOAI7,0.9999999999999895
CTECOAI8,0.9999999999999895
CYSTL,0.9999999999999895
CYSTRS,0.9999999999999895
DAPDC,0.9999999999999895
DASYN140,0.9999999999999895
DCTPD,0.9999999999999895
DGK1,0.9999999999999895
DHACOAH,0.9999999999999895
DHFR,0.9999999999999895
DHORD2,0.9999999999999895
DHQS,2.3618779188071946e-15
DKGLCNR1,0.9999999999999992
DMATT,0.9999999999999992
DTMPK,0.9999999999999992
EAR100y,0.9999999999999992
EAR161x,0.9999999999999992
EAR181x,0.9999999999999992
EAR60y,0.9999999999999992
ECOAH4,0.9999999999999992
FADRx2,0.9999999999999992
FALDH2,0.9999999999999992
FCLT,0.9999999999999992
FRULYSK,0.9999999999999992
FTHFLi,0.9999999999999992
G1PTT,0.9999999999999992
G3PAT160,0.9999999999999992
G3PD5,0.9999999999999992
G6PDH2r,0.9999999999999992
G6PP,0.9999999999999992
GHMT2r,-1.3793965901874571e-14
GLCP2,0.9999999999999954
GLCS1,0.9999999999999954
GLUCYS,0.9999999999999954
GLYOX,0.9999999999999954
GMHEPK,0.9999999999999954
GMPS2,0.9999999999999954
GND,0.9999999999999954
GRTT,0.9999999999999954
GUAPRT,0.9999999999999954
HACD4,0.9999999999999954
HACD5,0.9999999999999954
HACD7,0.9999999999999954
HCYSMT,0.9999999999999954
HCYSMT2,0.9999999999999954
HEX4,0.9999999999999954
HMBS,0.9999999999999954
HPYRRx,0.9973669548683215
HSK,0.9999999999999954
I2FE2SR,0.9999999999999954
ICYSDS,0.9999999999999954
IGPS,0.9999999999999954
IPDPS,0.9999999999999954
LEUTRS,0.9999999999999954
LGTHL,0.9999999999999954
LIPOCT,0.9999999999999954
MECDPS,0.9999999999999954
METTRS,0.9999999999999954
MLTG1,0.9999999999999954
MLTG2,0.9999999999999954
NADH5,0.9999999999999954
NADTRHD,0.9999999999999954
NDPK1,0.9999999999999954
NDPK2,0.9999999999999954
NTD4,0.9999999999999954
NTD6,0.9999999999999954
NTPP8,0.9999999999999954
OHPHM,0.9999999999999954
OMCDC,0.9999999999999954
OPHHX,0.9999999999999954
OPMEACPS,0.9999999999999954
P5CR,0.9999999999999954
PAPSR,0.9999999999999954
PDE1,0.9999999999999954
PDE4,0.9999999999999954
PGAMT,0.9999999999999954
PGI,0.999951644423454
PGSA140,0.9999999999999942
PGSA160,0.9999999999999942
PHETA1,0.9999999999999942
PSCVT,0.0
RNDR2,0.9999999999999964
S2FE2ST,0.9999999999999964
SHK3Dr,0.0
SHSL1,1.0000000000000078
SOTA,1.0000000000000078
TALA,0.9999383618660341
THRTRS,1.000000000000006
TKT2,1.000000000000006
TRPTRS,1.000000000000006
UAGAAT,1.000000000000006
UAGDP,1.000000000000006
UDPG4E,1.000000000000006
UPPDC1,1.000000000000006
VALTA,1.000000000000006
MTRI,1.000000000000006
NPHS,1.000000000000006
URIDK2r,1.000000000000006
13GS,1.000000000000006
2HP6MPMOm,1.000000000000006
ACCOACrm,1.000000000000006
ACONT,1.000000000000006
ACt2r,1.000000000000006
ADK1m,1.000000000000006
ADK3m,1.000000000000006
ADK4m,1.000000000000006
AHSERL2,1.000000000000006
ALPHNH,1.000000000000006
AMPDA,1.000000000000006
ASPTAm,1.000000000000006
ATPS3m,1.000000000000006
ATPtm_H,0.9976808265750045
C22STDSx,1.0000000000000027
CERH126,1.0000000000000027
CHLPCTD,1.0000000000000027
COAtim,1.0000000000000027
CSm,0.99612098298954
DASYNm_SC,1.0000000000000024
DIPS,1.0000000000000024
EPISTt,1.0000000000000024
ETHAK,1.0000000000000024
FACOAL161,1.0000000000000024
FAS100COA,1.0000000000000024
FAS120COA,1.0000000000000024
FAS140,1.0000000000000024
FAS140COA,1.0000000000000024
FAS260,1.0000000000000024
FTHFLmi,1.0000000000000024
G3PD1ir,1.0000000000000024
G3PD1irm,1.0000000000000024
G3PDm,1.0000000000000024
GAT1_SC,1.0000000000000024
GCC2am,1.0000000000000024
GHMT2rm,1.0000000000000024
GLPT,1.0000000000000024
GTHOm,1.0000000000000024
HSERTA,1.0000000000000024
ICDHym,1.0000000000000024
ITCOALm,1.0000000000000024
LNS14DMx,1.0000000000000024
LYSTRSm,1.0000000000000024
MAN1PT,1.0000000000000024
METTRSm,1.0000000000000024
NADH2_u6cm,1.0000000000000024
NADKm,1.0000000000000024
NDP3,1.0000000000000024
NDPK9,1.0000000000000024
NTRLASE3,1.0000000000000024
OAAt2m,1.0000000000000024
OXO2Ctm,1.0000000000000024
PC,0.999792979378529
PDE3,1.0000000000000024
PI45BPP_SC,1.0000000000000024
PIt2r,1.0000000000000024
PPAm,1.0000000000000024
PPTTm,1.0000000000000024
SERPT,1.0000000000000024
SHSL4r,1.0000000000000024
SUCD2_u6m,1.0000000000000024
SUCD3_u6m,1.0000000000000024
THFATm,0.666666666666665
UREASE,0.9999999999999994
VALTAim,0.9999999999999994
ZYMSTAT_SC,0.9999999999999994
ACOAD2,0.9999999999999994
ACOAD3,0.9999999999999994
ACOAD7,0.9999999999999994
CHLabc,0.9999999999999994
CLPNS_SA,0.9999999999999994
DASYN_SA,0.9999999999999994
GCCb,0.9999999999999994
KAS11,0.9999999999999994
KAS13,0.9999999999999994
KAS17,0.9999999999999994
KAS4,0.9999999999999994
NBAH,0.9999999999999994
OIVD1r,0.9999999999999994
OIVD2,0.9999999999999994
PROabc,0.0
PTHPS,0.9999999999999988
RIBabc,-4.286526541589813e-14
UDPDPS,0.9999999999999958
URIK3,0.9999999999999958
ZNabc,0.9999999999999958
GLCR1TRB1,0.9999999999999958
3HBCOAHL,0.9999999999999958
HBZOPT6,0.9999999999999958
HBZOPT6m_1,0.9999999999999958
GLYOX_1,0.9999999999999958
CDGUNPD,0.9999999999999958
ACOADH2,0.9999999999999958
BZDIOLDH,0.9999999999999958
DH3MCHCDH,0.9999999999999958
GLYCL_2,0.989221452932777
HADPCOADH,1.0000000000000153
MBCOAi,1.0000000000000153
OBDHc,1.0000000000000153
PHACOAOR,1.0000000000000153
PTOLDOX,1.0000000000000153
C180SN,1.0000000000000153
NTRARz,1.0000000000000153
PSD_HP,1.0000000000000153
QRr,1.0000000000000153
PPCOAC,1.0000000000000153
PIt,0.37668323554276684
PEPCK_re,0.9999999999999991
MMSAD3,0.9999999999999991
GMT2,0.9999999999999991
GLXO1,0.9999999999999991
GLNSP3,0.9999999999999991
GLNSP1,0.9999999999999991
MYCON2,0.9999999999999991
MYCON1,0.9999999999999991
FASm3001,0.9999999999999991
FASm2401,0.9999999999999991
FASm240,0.9999999999999991
FASm2201,0.9999999999999991
FAO3,0.9999999999999991
FAO1,0.9999999999999991
FAMPL5,0.9999999999999991
4H3NALDD,0.9999999999999991
TAURabc,0.9999999999999991
ACITL,0.9999999999999989
HMPSCD,0.9999999999999989
MCSNAH,0.9999999999999989
MOTH4,0.9999999999999989
VCOAD,0.9999999999999989
LALDO,0.9999999999999989
MECDPDH_syn,0.9999999999999989
NDPK10,0.9999999999999989
PYK5,0.9999999999999989
3HPCOAHYD,0.9999999999999989
ACACT10m,0.9999999999999989
AKGMALtm,0.9999999999999989
ECOAH12m,0.9999999999999989
ECOAH9m,0.9999999999999989
FACOAL1831,0.9999999999999989
FTHFDH,0.9999999999999989
MMSAD3m,0.9999999999999989
NDPK2m,0.9999999999999989
NDPK4m,0.9999999999999989
ORNTArm,0.9999999999999989
PNTEH,0.9999999999999989
PPCOAOm,0.9999999999999989
SUCOAS1m,0.9999999999999989
CA2abc,0.9999999999999989
SLDxi2,0.9999999999999989
FASC141ACP,0.9999999999999989
FASC161ACP,0.9999999999999989
CLPNS181,0.9999999999999989
FE2GTPabc,0.9999999999999989
PE1801835Z9Z12Zt,0.9999999999999989
PE1801845Z9Z12Z15Zt,0.9999999999999989
PE18111Z1819Zt,0.9999999999999989
PE18111Z1845Z9Z12Z15Zt,0.9999999999999989
PE1829Z12Z1835Z9Z12Zt,0.9999999999999989
AKGCITtm,0.9999999999999989
DGTPtm,0.9999999999999989
PINA1tm,0.9999999999999989
ALATL,0.9999999999999989
NOS,0.9999999999999989
NOS2_1,0.9999999999999989
3OACOAR,0.9999999999999989
BTS,0.9999999999999989
HBCHLR,0.9999999999999989
TGUAPRT,0.9999999999999989
ACACT4m,0.9999999999999989
ACACT5m,0.9999999999999989
ECOAH2m,0.9999999999999989
ECOAH7m,0.9999999999999989
CACOAL,0.9999999999999989
ACOADAGAT16018111Z1845Z9Z12Z15Z,0.9999999999999989
ACOADAGAT1601819Z1845Z9Z12Z15Z,0.9999999999999989
ACOADAGAT1801819Z160,0.9999999999999989
ACOADAGAT1801819Z1819Z,0.9999999999999989
ACOADAGAT1801819Z1835Z9Z12Z,0.9999999999999989
ACOADAGAT18111Z18111Z180,0.9999999999999989
ACOADAGAT18111Z18111Z1819Z,0.9999999999999989
ACOADAGAT18111Z18111Z1845Z9Z12Z15Z,0.9999999999999989
ACOADAGAT18111Z1819Z160,0.9999999999999989
ACOADAGAT18111Z1819Z180,0.9999999999999989
ACOADAGAT1819Z18111Z180,0.9999999999999989
ACOADAGAT1819Z18111Z1835Z9Z12Z,0.9999999999999989
ACOADAGAT1819Z1819Z1835Z9Z12Z,0.9999999999999989
DAGAH1819Z18111Z,0.9999999999999989
DAGK1601819Z,0.9999999999999989
DAGK181_1,0.9999999999999989
DAGK18111Z1819Z,0.9999999999999989
DAGK1819Z18111Z,0.9999999999999989
FACOAL181_1,0.9999999999999989
TAGAH16018111Z180,0.9999999999999989
TAGAH16018111Z1845Z9Z12Z15Z,0.9999999999999989
TAGAH1601819Z160,0.9999999999999989
TAGAH1601819Z180,0.9999999999999989
TAGAH1801819Z1835Z9Z12Z,0.9999999999999989
TAGAH1801819Z1845Z9Z12Z15Z,0.9999999999999989
TAGAH18111Z1819Z1835Z9Z12Z,0.9999999999999989
TAGAH18111Z1819Z1845Z9Z12Z15Z,0.9999999999999989
TAGAH1819Z18111Z180,0.9999999999999989
TAGAH1819Z1819Z18111Z,0.9999999999999989
1AGPEAT18111Z1829Z12Z,0.9999999999999989
1AGPEAT18111Z1835Z9Z12Z,0.9999999999999989
1AGPEAT18111Z1845Z9Z12Z15Z,0.9999999999999989
1AGPEAT1829Z12Z1835Z9Z12Z,0.9999999999999989
CDPDAGS18111Z160,0.9999999999999989
ETHAPT1819Z1819Z,0.9999999999999989
LPLPS1AGPE18111Z,0.9999999999999989
LPLPS1AGPE1829Z12Z,0.9999999999999989
PGPS1819Z160,0.9999999999999989
GLYTA_1,0.9999999999999989
ENOm,0.9999999999999989
FBAm,0.9999999999999989
PGIA,0.9999999999999989
PYKm,0.9999999999999989
ADSHm,0.9999999999999989
G12MT2,0.9999999999999989
G12MT4,0.9999999999999989
GLCNACPT,0.9999999999999989
GLCNACT,0.9999999999999989
DHFR2i,0.9999999999999989
FOLR2_1,0.9999999999999989
CYOO6m,0.9999999999999989
HEMEOSm_1,0.9999999999999989
HPHL,0.9999999999999989
AGPOP,1.0000000000000002
AGPOPm,1.0000000000000002
ATDAMm,1.0000000000000002
ATDGDm,1.0000000000000002
ATPPHm,1.0000000000000002
GTPOPm,1.0000000000000002
GUAC,1.0000000000000002
UTCY,1.0000000000000002
D_LACDHm,1.0000000000000002
LLDH_ferr_m,1.0000000000000002
ACSERLm,1.0000000000000002
SGOR,1.0000000000000002
UG6PGT,1.0000000000000002
SULO,1.0000000000000002
PPCKm,1.0000000000000002
DHRT_2mbcoa,1.0000000000000002
DHRT_ibcoa,1.0000000000000002
HMGL_1,1.0000000000000002
MOD,1.0000000000000002
MOD_3mop,1.0000000000000002
ACACT6r_1,1.0000000000000002
ALCD19_L,1.0000000000000002
ALDD7,1.0000000000000002
FACOAL161_ISO,1.0000000000000002
ORNTA_1,1.0000000000000002
PYRIS,1.0000000000000002
SHSL2,1.0000000000000002
2AGPEAT120,1.0000000000000002
2AGPEAT161,1.0000000000000002
2AGPEAT180,1.0000000000000002
2AGPEAT181,1.0000000000000002
2AGPGAT140,1.0000000000000002
2AGPGAT181,1.0000000000000002
3HAD100,1.0000000000000002
3HAD120,1.0000000000000002
3HAD40,1.0000000000000002
3OAR100,1.0000000000000002
3OAR181,1.0000000000000002
3OAR40,1.0000000000000002
3OAR60,1.0000000000000002
3OAS141,1.0000000000000002
AACPS2,1.0000000000000002
AACPS8,1.0000000000000002
ACACT6r,1.0000000000000002
ACACT7r,1.0000000000000002
ACOAD3f,1.0000000000000002
ACOAD4f,1.0000000000000002
ACONTb,1.0000000000000002
ACPPAT181,1.0000000000000002
ACPS1,1.0000000000000002
ADA,1.0000000000000002
ADK1,1.0000000000000002
ADK4,1.0000000000000002
ADPRDP,1.0000000000000002
ADSL2r,1.0000000000000002
AGPAT120,1.0000000000000002
AGPAT140,1.0000000000000002
AGPAT160,1.0000000000000002
AGPAT181,1.0000000000000002
AKGDH,1.0000000000000002
ALCD19,1.0000000000000002
ALDD19xr,1.0000000000000002
ALDD2x,1.0000000000000002
ALR2,1.0000000000000002
AMALT1,1.0000000000000002
AMALT2,1.0000000000000002
AMALT4,1.0000000000000002
AMMQLT8,1.0000000000000002
AMPTASEPG,1.0000000000000002
ANS,1.0000000000000002
AP4AH,1.0000000000000002
ASNTRS,1.0000000000000002
CHOLD,1.0000000000000002
CHORS,0.0
CPPPGO,0.9999999999999982
CPPPGO2,0.9999999999999982
CRNCAL2,0.9999999999999982
CRNCAR,0.9999999999999982
CTBTCAL2,0.9999999999999982
CYSDS,0.9999999999999982
CYTDK2,0.9999999999999982
CYTK1,0.9999999999999982
CYTK2,0.9999999999999982
DADA,0.9999999999999982
DASYN180,0.9999999999999982
DASYN181,0.9999999999999982
DDPA,4.248922230611459e-16
DHDPRy,0.9999999999999951
DHORD5,0.9999999999999951
DHORTS,0.9999999999999951
DNTPPA,0.9999999999999951
DSBDR,0.9999999999999951
DTARTD,0.9999999999999951
EAR121x,0.9999999999999951
EAR121y,0.9999999999999951
EAR160x,0.9999999999999951
EAR40x,0.9999999999999951
EAR60x,0.9999999999999951
EAR80x,0.9999999999999951
ECOAH5,0.9999999999999951
ECOAH7,0.9999999999999951
F6PP,0.9999999999999951
FOMETRi,0.9999999999999951
FTHFD,0.9999999999999951
G3PAT120,0.9999999999999951
G3PAT140,0.9999999999999951
G3PAT161,0.9999999999999951
G3PD7,0.9999999999999951
G5SD,0.9999999999999951
GF6PTA,0.9999999999999951
GHBDHx,0.9999999999999951
GLBRAN2,0.9999999999999951
GLNTRS,0.9999999999999951
GLYTRS,0.9999999999999951
HACD1,0.9999999999999951
HADPCOADH3,0.9999999999999951
HISTRS,0.9999999999999951
ICDHyr,0.9923136220787964
ILETRS,0.9999999999999988
KAS14,0.9999999999999998
LIPAMPL,0.9999999999999998
MCOATA,0.9999960270723869
MCPST,0.9999999999999998
MDH,0.9999999999999998
MECDPDH5,0.9999999999999998
METSOXR1,0.9999999999999998
MI1PP,0.9999999999999998
MLTG3,0.9999999999999998
MLTG4,0.9999999999999998
MN6PP,0.9999999999999998
MPTAT,0.9999999999999998
MTHFD,0.9999999999999998
NADS1,0.9999999999999998
NDPK7,0.9999999999999998
NDPK8,0.9999999999999998
NTD11,0.9999999999999998
NTD3,0.9999999999999998
NTPP2,0.9999999999999998
NTPP9,0.9999999999999998
OGMEACPD,0.9999999999999998
OGMEACPS,0.9999999999999998
OHPBAT,0.9999999999999998
OMBZLM,0.9999999999999998
ORPT,0.9999999999999998
PAPSR2,0.9999999999999998
PDH,0.9999999999999998
PDX5POi,0.9999999999999998
PDXPP,0.9999999999999998
PGK,0.9999999999999998
PGMT,0.9999516444234585
PGSA161,1.000000000000003
PMANM,1.000000000000003
PPA,1.000000000000003
PPM,1.000000000000003
PROTRS,1.000000000000003
PRPPS,5.432429676469661e-14
PYDAMK,0.9999999999999993
PYDXK,0.9999999999999993
PYDXNK,0.9999999999999993
PYDXPP,0.9999999999999993
RNDR1,0.9999999999999993
RNDR4,0.9999999999999993
RPE,0.9999999999999993
S2FE2SR,0.9999999999999993
S2FE2SS,0.9999999999999993
S4FE4SR,0.9999999999999993
SERTRS,0.9999999999999993
SSALx,0.9999999999999993
SSALy,0.9999999999999993
SUCBZL,0.9999999999999993
THZPSN3,0.9999999999999993
TMDS,0.9999999999999993
TRE6PP,0.9999999999999993
TRSARr,0.9999999999999993
TYRTRS,0.9999999999999993
URIK2,0.9999999999999993
MECDPDH2,0.9999999999999993
2HPMBQMTm,0.9999999999999993
2HPMMBQMOm,0.9999999999999993
3DH5HPBMTm,0.9999999999999993
ABUTDm,0.9999999999999993
ACOTAim,0.9999999999999993
ACSm,0.9999999999999993
AKGDbm,0.9999999999999993
ALASm,0.9999999999999993
ALATA_Lm,0.9999999999999993
ALDD20ym,0.9999999999999993
ALDD22x,0.9999999999999993
ALDD2xm,0.9999999999999993
ALDD2ym,0.9999999999999993
ASPTRSm,0.9999999999999993
ATPH1,0.9999999999999993
ATPS,0.9999999999999993
BACCL,0.9999999999999993
CCP2m,0.9999999999999993
CERS324,0.9999999999999993
CERS326,0.9999999999999993
CTPS1,0.9999999999999993
CYOOm,0.9999999999999993
CYSTGL,0.9999999999999993
DASYN_SC,0.9999999999999993
DHORDi,0.9999999999999993
ERGSTAT_SC,0.9999999999999993
FACOAL140,0.9999999999999993
FACOAL141,0.9999999999999993
FACOAL160,0.9999999999999993
FACOAL181,0.9999999999999993
FADFMNtm,0.9999999999999993
FAS100,0.9999999999999993
FAS180COA,0.9999999999999993
FAS80COA_L,0.9999999999999993
FECOSTAT_SC,0.9999999999999993
FTHFCL,0.9999999999999993
FUMm,0.9999999999999993
GAT2_SC,0.9999999999999993
GBEZ,0.9999999999999993
GCCcm,0.9999999999999993
GLCGSD,0.9999999999999993
GLCS2,0.9999999999999993
GLYCLm,0.9999999999999993
GLYGS,0.9999999999999993
LANOSTAT_SC,0.9999999999999993
LANOSTt,0.9999999999999993
LEUTA,0.9999999999999993
MALT,0.9999999999999993
MTHFCm,0.9999999999999993
MTHFD2i,0.9999999999999993
NADH2_u6m,0.9999999999999993
NDP1,0.9999999999999993
NDP7,0.9999999999999993
PDE2,0.9999999999999993
PDHm,0.9999999999999993
PI4P5K_SC,0.9999999999999993
PIN4K_SC,0.9999999999999993
PIt2m,0.9999999999999993
PYDXNO,0.9999999999999993
SO4ti,0.9999999999999993
SUCD1m,0.9999999999999993
TRDRm,0.9999999999999993
TRIGS_SC,0.9999999999999993
TRPTA,0.9999999999999993
TYRTAi,0.9999999999999993
TYRTAim,0.9999999999999993
UTPH1,0.9999999999999993
UTPtm,0.9999999999999993
YUMPS,0.9999999999999993
3M2OBLOXRD,0.9999999999999993
3M2OPLOXRD,0.9999999999999993
ADKd,0.9999999999999993
ALAD_L,0.9999999999999993
ATPS4r,0.9999999999999993
FE2abc,0.9999999999999993
GCCc,0.9999999999999993
GLUabc,0.9999999999999993
GLYBabc,0.9999999999999993
KAS12,0.9999999999999993
KAS9,0.9999999999999993
MG2abc,0.9999999999999993
MNabc,0.9999999999999993
OIVD3,0.9999999999999993
PDHcr,0.9999999999999993
SLCYSS,0.9999999999999993
PSUDS,0.9999999999999993
GLCOAS,0.9999999999999993
GLCR1TRA1,0.9999999999999993
MMSAD2,0.9999999999999993
NMNHYD,0.9999999999999993
AMMQT8_2,0.9999999999999993
G6PI2,0.9999999999999993
GTPCI_1,0.9999999999999993
NADS2,0.9999999999999993
G3PD,1.0000000000000033
G6PBDH,1.0000000000000033
GLUTCOADHc,1.0000000000000033
HMGL,1.0000000000000033
MTOLDOX,1.0000000000000033
PDHbr,1.0000000000000033
PHETHPTOX,1.0000000000000033
SHSL2r,1.0000000000000033
BC10_new,1.0000000000000033
C140SN,1.0000000000000033
KAS_HP,1.0000000000000033
THZSN,1.0000000000000033
PDIMAS,1.0000000000000033
MMSAD1,1.0000000000000033
UDPDPS2,1.0000000000000033
MYCON5,1.0000000000000033
MYCON3,1.0000000000000033
ATPS1,1.0000000000000033
ALDD1,1.0000000000000033
FASm340,1.0000000000000033
FASm320,1.0000000000000033
FASm300,1.0000000000000033
FASm280,1.0000000000000033
FASm2602,1.0000000000000033
FASm2001,1.0000000000000033
FAS200,1.0000000000000033
FAO10,1.0000000000000033
34DHALDD,1.0000000000000033
IMACTD,1.0000000000000033
CYS,1.0000000000000033
FRNDPR2r,1.0000000000000033
HVCD,1.0000000000000033
NADFADOR,1.0000000000000033
OGCOAAT,1.0000000000000033
DASYN183_6_9_12,1.0000000000000033
DASYN183_9_12_15,1.0000000000000033
FNOR,1.0000000000000033
PYK2,1.0000000000000033
PYK3,1.0000000000000033
ACOAD10m,1.0000000000000033
BPNT2,1.0000000000000033
CYSTAm,1.0000000000000033
ECOAH1m,1.0000000000000033
FACOAL1832,1.0000000000000033
LCYSTATm,1.0000000000000033
NDPK3m,1.0000000000000033
OIVD3m,1.0000000000000033
ASNTRAT,1.0000000000000033
FASC120ACP,1.0000000000000033
FASC140ACP,1.0000000000000033
FASC180ACP,1.0000000000000042
FASC182ACP,1.0000000000000042
PLPS,1.0000000000000042
CLPNS120,1.0000000000000042
CLPNS140,1.0000000000000042
PAIL18111Z160t,1.0000000000000042
PE1819Z1835Z9Z12Zt,1.0000000000000042
ACCOAtm,0.9961209829895393
NA1Htm,1.0000000000000013
OAAAKGtm,1.0000000000000013
BADP,1.0000000000000013
CHLSTD78I,1.0000000000000013
CHLSTI_1,1.0000000000000013
COA1819ZD9DS,1.0000000000000013
ETFQO_1,1.0000000000000013
AATGm,1.0000000000000013
CYSATm,1.0000000000000013
6MPURPRT,1.0000000000000013
6TINS5MPOR,1.0000000000000013
ECOAH5m,1.0000000000000013
ECOAH6m,1.0000000000000013
PACOAL,1.0000000000000013
DHFOR,1.0000000000000013
THFOR1,1.0000000000000013
THFOR2,1.0000000000000013
ACOADAGAT16018111Z160,1.0000000000000013
ACOADAGAT1601819Z160,1.0000000000000013
ACOADAGAT1801819Z180,1.0000000000000013
ACOADAGAT18111Z18111Z18111Z,1.0000000000000013
ACOADAGAT18111Z18111Z1835Z9Z12Z,1.0000000000000013
ACOADAGAT1819Z18111Z160,1.0000000000000013
ACOADAGAT1819Z18111Z18111Z,1.0000000000000013
ACOADAGAT1819Z1819Z160,1.0000000000000013
ACOADAGAT1819Z1819Z1845Z9Z12Z15Z,1.0000000000000013
DAGAH1601819Z,1.0000000000000013
DAGAH18111Z1819Z,1.0000000000000013
DAGAH1819Z1819Z,1.0000000000000013
FACOAL180_1,1.0000000000000013
TAGAH16018111Z160,1.0000000000000013
TAGAH16018111Z1819Z,1.0000000000000013
TAGAH1601819Z1819Z,1.0000000000000013
TAGAH1601819Z1845Z9Z12Z15Z,1.0000000000000013
TAGAH1801819Z160,1.0000000000000013
TAGAH1801819Z18111Z,1.0000000000000013
TAGAH18111Z18111Z1835Z9Z12Z,1.0000000000000013
TAGAH18111Z18111Z1845Z9Z12Z15Z,1.0000000000000013
TAGAH18111Z1819Z180,1.0000000000000013
TAGAH18111Z1819Z1819Z,1.0000000000000013
TAGAH1819Z1819Z1845Z9Z12Z15Z,1.0000000000000013
1AGPEAT1801819Z,1.0000000000000013
1AGPEAT1801829Z12Z,1.0000000000000013
1AGPEAT1801845Z9Z12Z15Z,1.0000000000000013
1AGPEAT1819Z1819Z,1.0000000000000013
1AGPEAT1819Z1845Z9Z12Z15Z,1.0000000000000013
CDIPT18111Z160,1.0000000000000013
PLPSA21801819Z,1.0000000000000013
PLPSA218111Z1819Z,1.0000000000000013
PLPSA21819Z1845Z9Z12Z15Z,1.0000000000000013
PLPSA21829Z12Z1835Z9Z12Z,1.0000000000000013
SGAT,1.0000000000000013
PDHam2mi,1.0000000000000013
AO,1.0000000000000013
DOLASNT,1.0000000000000013
DOLPMT,1.0000000000000013
G12MT1,1.0000000000000013
G12MT3,1.0000000000000013
G13MT,1.0000000000000013
MG3B,1.0000000000000013
UDPDOLPT,1.0000000000000013
NNOR,1.0000000000000013
NADHOR,1.0000000000000013
CMPA,1.0000000000000013
HEMEASm,1.0000000000000013
HEMELm,1.0000000000000013
DATCY,1.0000000000000013
DATUP,1.0000000000000013
DCTCP,1.0000000000000013
DCTUP,1.0000000000000013
DGTUP,1.0000000000000013
DTTGY,1.0000000000000013
DUTCP,1.0000000000000013
DUTUP,1.0000000000000013
AFAT,1.0000000000000013
ACHMSSELCYSL,1.0000000000000013
ACSERL,1.0000000000000013
SEAHCYSHYD_1,1.0000000000000013
SELTORm,1.0000000000000013
SULOm,1.0000000000000013
AKGDHe2r,1.0000000000000013
ALDH,1.0000000000000013
ECH_3hivcoa,1.0000000000000013
HIBH,1.0000000000000013
MMSDH,1.0000000000000013
MOD_2mbdhl,1.0000000000000013
ACOAD5_1,1.0000000000000013
ACTD2,1.0000000000000013
AHSERL4,1.0000000000000013
ALDD10,1.0000000000000013
ALDD13,1.0000000000000013
ALDD16,1.0000000000000013
ALDD20x_1,1.0000000000000013
ALDD5,1.0000000000000013
ALDD6,1.0000000000000013
ALDD9,1.0000000000000013
FACOAL150_ISO,1.0000000000000013
FACOAL171_ISO,1.0000000000000013
G1Dx,1.0000000000000013
IPDPUPT,1.0000000000000013
MMSDHir,1.0000000000000013
SHSL3,1.0000000000000013
ASNtm_1,1.0000000000000013
KAT180_m,1.0000000000000013
CLt_e,1.0000000000000013
SPMDabc,1.0000000000000013
BAMPPALDOXm,1.0000000000000013
CGS_m,1.0000000000000013
METabc,0.0
CATm,1.0000000000000164
NIabc,1.0000000000000164
GTHRDt,1.0000000000000164
FRDO,1.0000000000000164
DAGK_OLE_HDE,1.0000000000000164
MALTHXabc,1.0000000000000164
ACOADH80_m,1.0000000000000164
LEUt2r,0.0
ATPS4m,1.000000000000003
NO2t2r,1.000000000000003
COabc,1.000000000000003
HMR_0180,1.000000000000003
3OAR100_m,1.000000000000003
GTHS,1.000000000000003
3HAD81_m,1.000000000000003
HYDA,1.000000000000003
ACOATAm,1.000000000000003
CLt_m,1.000000000000003
SERA_m,1.000000000000003
GLNtm_1,1.000000000000003
MELTGH,1.000000000000003
METHFtm,1.000000000000003
AMETt2m,1.000000000000003
CDPDAGS_OLE_PALM,1.000000000000003
NO2t3,1.000000000000003
TYRt2m,1.000000000000003
SECYSTL,1.000000000000003
HMR_0188,1.000000000000003
BAMPPALDOX,1.000000000000003
HCO3abc,1.000000000000003
ACLSa,1.000000000000003
BFBP,1.000000000000003
MALTPTabc,1.000000000000003
FRUt2,1.000000000000003
DNTP,1.000000000000003
THD1m,1.000000000000003
CAATPS_1,1.000000000000003
FE2DMT1,1.000000000000003
ACOADH140_m,1.000000000000003
PGKm,1.000000000000003
FE2tm,1.000000000000003
PTRCabc,1.000000000000003
NAt3_1,1.000000000000003
GALIGH,1.000000000000003
URIDK2m,1.000000000000003
ACOADH120_m,1.000000000000003
ACOADH160_m,1.000000000000003
RAFGH,1.000000000000003
GGLGH,1.000000000000003
FA140ACPHi,1.000000000000003
3OAR160_m,1.000000000000003
G3PAT1819Z_1,1.000000000000003
TYRt2r,0.0
GALt2_2,0.9999999999999941
PALFATPtc,0.9999999999999941
3OAR60_m,0.9999999999999941
RPEc,0.9999999999999941
TPTPt_m,0.9999999999999941
HACD4m,0.9999999999999941
ASNt2r,0.9942020827773156
CLt3r_2,0.999999999999993
GLYC3Pabc,0.999999999999993
CYSabc,0.9978887029783796
GLYC3tr,0.5192622001629337
MCOATAm,0.9999999999999962
EPMGH,0.9999999999999962
3OAR120_m,0.9999999999999962
DAGK160,0.9999999999999962
AHSERL2_1,0.9999999999999962
DDPAm,0.9999999999999962
ASNt2m,0.9999999999999962
r2073_1,0.9999999999999962
AAMYL,0.9999999999999962
3OAR140_m,0.9999999999999962
EHGLATm,0.9999999999999962
FA160ACPH_m,0.9999999999999962
PIt2m_2,0.9999999999999962
EAR40_m,0.9999999999999962
HEMEti,0.9999999999999962
EAR60_m,0.9999999999999962
ACYP_2,-4.54182772445656e-15
r1530,0.9999999999999959
PIt8,0.9999999999999959
UMPKm,0.9999999999999959
EAR120_m,0.9999999999999959
LCYSTAT,0.9999999999999959
3HAD121_m,0.9999999999999959
MNt2,0.9999999999999959
EAR80_m,0.9999999999999959
TCHOLABCtc,0.9999999999999959
GLNt2r,0.9999999999999959
MALTabc,0.9999999999999959
FA100ACPHi,0.9999999999999959
FA80ACPHi,0.9999999999999959
SERTRS2,0.9999999999999959
FA181ACPH,0.9999999999999959
PIt9,0.9999999999999959
3HAD101_m,0.9999999999999959
CYSS_m,0.9999999999999959
FA160ACPHi,0.9999999999999959
PSAT_m,0.9999999999999959
ACOADH60_m,0.9999999999999959
ACOADH100_m,0.9999999999999959
NAt3_15,0.9999999999999959
r1162,0.9932739905187555
SBP,0.9999383618660259
METDabc,0.9999999999999657
MI145PK,0.9999999999999657
EAR160_m,0.9999999999999657
HACD6m,0.9999999999999657
G1Pt6_2,0.999951644423458
HCGALm,0.9999999999999958
FA120ACPHi,0.9999999999999958
HACD5m,0.9999999999999958
HACD7m,0.9999999999999958
GLYC3Ptm,0.9999999999999958
GLCt2_2,0.9999999999999958
MOBDabc,0.9999999999999958
ILEtm,0.9999999999999958
AMITP,0.9999999999999958
RE2912M,0.9999999999999958
3OAR40_m,0.9999999999999958
PGLYCP,0.9999999999999958
FBA2,0.9999999999999958
3OAR80_m,0.9999999999999958
STACHGALACT,0.9999999999999958
THD2,0.9999999999999958
MALTTTRabc,0.9999999999999958
TCHOLAt3,0.9999999999999958
GALt2,0.9999999999999958
ATPS3r,0.9009833167219504
CYTBD2,0.33333333333333165
FA161ACPHi,0.9999999999999949
GNDc,0.9999999999999949
NAt3_2,0.9999999999999949
EAR100_m,0.9999999999999949
GLCt2,0.9999999999999949
GLNabc,0.9999999999999949
TTDCAFATPc,0.9999999999999949
ACOAD1fm,0.9999999999999949
EAR140_m,0.9999999999999949
DGDGGH_OLE_HDE_c,0.9999999999999949
FA180ACPH,0.9999999999999949
SMO,0.9999999999999949
ILEt2r,0.0
PHEMEABCte,0.9999999999999981
PIt7,0.9999999999999981
DAGK_OLE_PALM,0.9999999999999981
FACOAL_160_m,0.9999999999999981
LEUtm,0.9999999999999981
MALTTRabc,0.9999999999999981
r2136,0.9999999999999981
ECA4COLIPAabctexc,0.9999999999999981
COLIPAabctexc,0.9999999999999981
3OAR181_1c,0.9999999999999981
ACOAO4pc,0.9999999999999981
PG161abcppc,0.9999999999999981
ACOAO8pc,0.9999999999999981
MI1456PKnc,0.9999999999999981
3OAS120_1c,0.9999999999999981
PGP160abcppc,0.9999999999999981
3OAS160_1c,0.9999999999999981
FA160COAabcp_1c,0.9999999999999981
PGP181abcppc,0.9999999999999981
ACP1619ZD9DSc,0.9999999999999981
STARCH300DEGR2Ac,0.9999999999999981
MLDEP1ppc,0.9999999999999981
DGDGD4DS1839Z12Z15Z1634Z7Z10Zc,0.9999999999999981
MLDEP2ppc,0.9999999999999981
AHALc,0.9999999999999981
DGDGGH1819Z160c,0.9999999999999981
DGDGGH1819Z1617Zc,0.9999999999999981
DMTc,0.9999999999999981
DGDGGH1829Z12Z160c,0.9999999999999981
DGDGGH1829Z12Z1619Zc,0.9999999999999981
DGDGGH1829Z12Z1634Z7Z10Zc,0.9999999999999981
FA1819ZACPHc,0.9999999999999981
DGDGGH1839Z12Z15Z160c,0.9999999999999981
FACOAL120t2ppc,0.9999999999999981
HACD10pc,0.9999999999999981
DGDGW6DS1819Z1627Z10Zc,0.9999999999999981
FACOAL80t2ppc,0.9999999999999981
DGDGW6DS1829Z12Z1627Z10Z1c,0.9999999999999981
PS120abcppc,0.9999999999999981
DGDGW6DS1829Z12Z1627Z10Z2c,0.9999999999999981
PS160abcppc,0.9999999999999981
A3GALT1c,0.9999999999999981
DGDGD4DS1829Z12Z1634Z7Z10Zc,0.9999999999999981
AACPS5_1c,0.9999999999999981
A3GALT2c,0.9999999999999981
DGDGD4DS1839Z12Z15Z1644Z7Z10Z13Zc,0.9999999999999981
AACPS6_1c,0.9999999999999981
A3GALT3c,0.9999999999999981
DGDGD7DS1819Z1617Zc,0.9999999999999981
ACACT2c,0.9999999999999981
A3GALT4c,0.9999999999999981
FE3DCITabcppc,0.9999999999999981
DGDGGH1829Z12Z1617Zc,0.9999999999999981
ACACT5pc,0.9999999999999981
A3GALT5c,0.9999999999999981
DGDGGH1839Z12Z15Z1627Z10Zc,0.9999999999999981
ACACT6pc,0.9999999999999981
A4GALTc,0.9999999999999981
DGDGGH1839Z12Z15Z1637Z10Z13Zc,0.9999999999999981
ACACT7pc,0.9999999999999981
CPPPGO_1c,0.9999999999999981
DGDGW3DS1819Z1637Z10Z13Zc,0.9999999999999981
DGDGW3DS1839Z12Z15Z1634Z7Z10Zc,0.9999999999999981
DGDGW3DS1839Z12Z15Z1644Z7Z10Z13Zc,0.9999999999999981
NO3abcppc,0.9999999999999981
MGDGD4DS1829Z12Z1634Z7Z10Zc,0.9999999999999981
BATHORHODOPSINIc,0.9999999999999981
DGDGW6DS1829Z12Z160c,0.9999999999999981
14GLUCANabcppc,0.9999999999999981
DGDGW6DS1829Z12Z1617Zc,0.9999999999999981
MGDGW3DS1829Z12Z1644Z7Z10Z13Zc,0.9999999999999981
MGDGW3DS1839Z12Z15Z1644Z7Z10Z13Z1c,0.9999999999999981
CRO4abcppc,0.9999999999999981
GLNTRATc,0.9999999999999981
DGDGW6DS1829Z12Z1637Z10Z13Zc,0.9999999999999981
MGDGW3DS1839Z12Z15Z1644Z7Z10Z13Z2c,0.9999999999999981
RHODOPSINRTc,0.9999999999999981
MGDGW6DS1819Z1627Z10Zc,0.9999999999999981
PPBNGS_1c,0.9999999999999981
ACOAO6pc,0.9999999999999981
ECOAH11pc,0.9999999999999981
ACOAO7pc,0.9999999999999981
SQLErxc,0.9999999999999981
GRGTc,0.9999999999999981
FA161COAabcpc,0.9999999999999981
3OAS140_1c,0.9999999999999981
MGDGD4DS1819Z1644Z7Z10Z13Zc,0.9999999999999981
FA181COAabcpc,0.9999999999999981
GM1LIPAabcppc,0.9999999999999981
G3PEabcppc,0.9999999999999981
MGDGD4DS1829Z12Z1644Z7Z10Z13Zc,0.9999999999999981
GM2LIPAabcppc,0.9999999999999981
STARCH300DEGR2Bc,0.9999999999999981
MGDGD4DS1839Z12Z15Z1644Z7Z10Z13Zc,0.9999999999999981
CYSTS_1c,0.9999999999999981
BUTSO3abcppc,0.9999999999999981
ACACT9pc,0.9999999999999981
MGDGW3DS1839Z12Z15Z160c,0.9999999999999981
POAThc,0.0
MGDGW3DS1839Z12Z15Z1634Z7Z10Zc,0.9999999999999897
MGDGW6DS1829Z12Z1627Z10Z1c,0.9999999999999897
MI1345PKnc,0.9999999999999897
MGDGW6DS1829Z12Z1627Z10Z2c,0.9999999999999897
ACCOAhic,0.9999999999999895
ACOAO5pc,0.9999999999999895
MGDGW6DS1829Z12Z1637Z10Z13Zc,0.9999999999999895
FAO161p_evenc,0.9999999999999895
FAO80pc,0.9999999999999895
TUNGSabcppc,0.9999999999999895
NO2Rc,0.9999999999999895
FPPShc,0.9999999999999895
PYRShic,0.9999999999999895
A2GALT3c,0.9999999999999895
HDSc,0.9999999999999895
LUMIRHODOPSINIc,0.9999999999999895
A2GALT4c,0.9999999999999895
O16A4COLIPAabctexc,0.9999999999999895
A2GALT6c,0.9999999999999895
ACACT3c,0.9999999999999895
CLIPAabctexc,0.9999999999999895
DVPCHLD646ORc,0.9999999999999895
SALCHS4abcppc,0.9999999999999895
A2GALT1c,0.9999999999999895
CU1abcppc,0.9999999999999895
A2GALT2c,0.9999999999999895
A2GALT5c,0.9999999999999895
FA160COAabcpc,0.9999999999999895
PCHLD646ORc,0.9999999999999895
COLIPAPabctexc,0.9999999999999895
AGAKIc,0.9999999999999895
BCAROKTc,0.9999999999999895
PS140abcppc,0.9999999999999895
ACOLIPAabctexc,0.9999999999999895
DAGK18111Z160hc,0.9999999999999895
PA161abcppc,0.9999999999999895
PS180abcppc,0.9999999999999895
CHYA2c,0.9999999999999895
STARCH300Sc,0.9999999999999895
TKT2hc,0.9999999999999895
GLYC2Pabcppc,0.9999999999999895
SO3abcppc,0.9999999999999895
FACOAL100t2ppc,0.9999999999999895
FAO141p_oddc,0.9999999999999895
DGDGD7DS1829Z12Z1617Zc,0.9999999999999895
PE141abcppc,0.9999999999999895
FACOAL161t2ppc,0.9999999999999895
FAO182p_oddoddc,0.9999999999999895
DGDGGH1819Z1637Z10Z13Zc,0.9999999999999895
COLIPAabcppc,0.9999999999999895
FACOAL180t2ppc,0.9999999999999895
DGDGGH1829Z12Z1627Z10Zc,0.9999999999999895
DGDGGH1839Z12Z15Z1634Z7Z10Zc,0.9999999999999895
CEFc,0.9999999999999895
OHPHM6nc,0.9999999999999895
ZHYc,0.9999999999999895
DGDGGH1839Z12Z15Z1644Z7Z10Z13Zc,0.9999999999999895
MGDGW3DS1839Z12Z15Z1637Z10Z13Z1c,0.9999999999999895
MGDGW3DS1839Z12Z15Z1637Z10Z13Z2c,0.9999999999999895
DGDGW3DS1829Z12Z1637Z10Z13Zc,0.9999999999999895
MGDGW6DS1829Z12Z160c,0.9999999999999895
SQDGW3DS1839Z12Z15Z160c,0.9999999999999895
DGDGW3DS1839Z12Z15Z1637Z10Z13Z1c,0.9999999999999895
MGDGW6DS1829Z12Z1644Z7Z10Z13Zc,0.9999999999999895
SQDGW6DS1829Z12Z160c,0.9999999999999895
DGDGW3DS1839Z12Z15Z1637Z10Z13Z2c,0.9999999999999895
DGDGW6DS1829Z12Z1619Zc,0.9999999999999895
AACP1819ZSc,0.9999999999999895
DGDGW6DS1829Z12Z1634Z7Z10Zc,0.9999999999999895
AACPS1_1c,0.9999999999999895
AACPS3_1c,0.9999999999999895
AACPS4_1c,0.9999999999999895
ISETACabcppc,0.9999999999999895
PA141abcppc,0.9999999999999895
DVPCHLD450ORc,0.9999999999999895
G3PCabcppc,0.9999999999999895
PGD3TDS18111Z1613Ec,0.9999999999999895
PA140abcppc,0.9999999999999895
G3PGabcppc,0.9999999999999895
PA160abcppc,0.9999999999999895
FEENTER2tppc,0.9999999999999895
3OAS100_1c,0.9999999999999895
MGHAc,0.9999999999999895
PS141abcppc,0.9999999999999895
G3POc,0.3333333333333324
MGDGD4DS1839Z12Z15Z1634Z7Z10Zc,0.9999999999999933
PS161abcppc,0.9999999999999933
PGD3TDS1819Z1613Ec,0.9999999999999933
MGDGD7DS1819Z1617Zc,0.9999999999999933
PGD3TDS1829Z12Z1613Ec,0.9999999999999933
MGDGD7DS1829Z12Z1617Zc,0.9999999999999933
PGD3TDS1839Z12Z15Z1613Ec,0.9999999999999933
3OAS60_1c,0.9999999999999933
ENLIPIDAt1exc,0.9999999999999933
MGDGW3DS1819Z1637Z10Z13Zc,0.9999999999999933
3OAS80_1c,0.9999999999999933
PE140abcppc,0.9999999999999933
MGDGW3DS1829Z12Z1637Z10Z13Zc,0.9999999999999933
ACCOAC_1c,1.000000000000002
PCHLD450ORc,1.000000000000002
G3PIabcppc,1.000000000000002
GLUTRS_Glnc,1.000000000000002
PGW3DS1839Z12Z15Z160c,1.000000000000002
PGW6DS1829Z12Z160c,1.000000000000002
CHLDA1tuc,1.000000000000002
MGDGW3DS1839Z12Z15Z1627Z10Zc,1.000000000000002
MGDGW6DS1829Z12Z1617Zc,1.000000000000002
G3PSabcppc,1.000000000000002
PE160abcppc,1.000000000000002
CHLDA2tuc,1.000000000000002
PG160abcppc,1.000000000000002
PE161abcppc,1.000000000000002
MGDGW6DS1829Z12Z1619Zc,1.000000000000002
CHITOBptsc,1.000000000000002
PGP120abcppc,1.000000000000002
PG120abcppc,1.000000000000002
PGP141abcppc,1.000000000000002
PG140abcppc,1.000000000000002
PG181abcppc,1.000000000000002
HACDpc,1.000000000000002
KATpc,1.000000000000002
FA140COAabcpc,1.000000000000002
PGP161abcppc,1.000000000000002
FA141COAabcpc,1.000000000000002
PGP180abcppc,1.000000000000002
ENLIPAabctexc,1.000000000000002
PA120abcppc,1.000000000000002
K2L4Aabcppc,1.000000000000002
ACACT4pc,1.000000000000002
CRETINOLPMTACTc,1.000000000000002
PA180abcppc,0.9999996216245838
K2L4Aabctexc,1.000000000000002
RETINOLACACTc,1.000000000000002
FA182COAabcpc,1.000000000000002
TRETINOLPMTACTc,1.000000000000002
PA181abcppc,1.000000000000002
PS181abcppc,1.000000000000002
ACOAO9pc,1.000000000000002
FACOAL140t2ppc,1.000000000000002
FACOAL141t2ppc,1.000000000000002
FACOAL160t2ppc,1.000000000000002
FACOAL181t2ppc,1.000000000000002
MGHBc,1.000000000000002
FACOAL60t2ppc,1.000000000000002
MTGHc,1.000000000000002
PE120abcppc,1.000000000000002
PE180abcppc,1.000000000000002
PE181abcppc,1.000000000000002
GLUS_ferrc,1.000000000000002
STARCH300DEGRAc,1.000000000000002
STARCH300DEGRBc,1.000000000000002
PG141abcppc,1.000000000000002
METARHODOPSINHc,1.000000000000002
LIPAabctexc,1.000000000000002
FBA3hic,0.9999383618660276
PG180abcppc,1.000000000000002
RHODOPSINIc,1.000000000000002
DGDGD4DS1819Z1634Z7Z10Zc,1.000000000000002
PGP140abcppc,1.000000000000002
OXOADLRc,1.000000000000002
FA180COAabcpc,1.000000000000002
DGDGGH1819Z1627Z10Zc,1.000000000000002
DGDGGH1829Z12Z1637Z10Z13Zc,1.000000000000002
FAO141p_evenc,1.000000000000002
ACP1819ZD9DSc,1.000000000000002
DGDGW3DS1839Z12Z15Z160c,1.000000000000002
FAO161p_oddc,1.000000000000002
BTNCc,1.000000000000002
DGDGW3DS1839Z12Z15Z1627Z10Zc,1.000000000000002
FAO181p_evenc,1.000000000000002
FAO181p_oddc,1.000000000000002
FAO182p_evenevenc,1.000000000000002
G3PD2_1c,1.000000000000002
FAO182p_evenoddc,1.000000000000002
FAO240pc,1.000000000000002
LIPACabcppc,1.000000000000002
LIPAabcppc,1.000000000000002
KAS14_1c,1.000000000000002
protein_bm,1.000000000000002
Protein_t,1.000000000000002
DM_bm,1.0732183323115869e-15
dgl_prod2,1.0000000000000033
dgl_prod5,1.0000000000000033
dgl_prod6,1.0000000000000033
dgl_prod3,1.0000000000000033
dgl_prod4,1.0000000000000033
dgl_prod1,1.0000000000000033
dgl_prod7,1.0000000000000033
dgl_prod8,1.0000000000000033
lipid_bm,1.0000000000000033
EX_asn__L_e,1.1028829925474998e-13
EX_cu_e,0.9999999999999931
EX_cu2_e,0.9999999999999931
EX_cys__L_e,0.9978887029783811
EX_ddca_e,1.0000000000000024
EX_enlipa_e,1.0000000000000024
EX_fe3_e,1.0000000000000024
EX_fe3dcit_e,1.0000000000000024
EX_g3pc_e,1.0000000000000024
EX_g3ps_e,1.0000000000000024
EX_glyc3p_e,0.5192622001629339
EX_inost_e,0.9999999999999963
EX_isetac_e,0.9999999999999963
EX_k_e,0.9999999999999963
EX_malttr_e,0.9999999999999963
EX_maltttr_e,0.9999999999999963
EX_na1_e,0.9999999999999963
EX_o16a4colipa_e,0.9999999999999963
EX_pheme_e,0.9999999999999963
EX_ptrc_e,0.9999999999999963
EX_taur_e,0.9999999999999963
EX_ttdca_e,0.9999999999999963
EX_tyr__L_e,-4.115766417455001e-15
EX_zn2_e,0.9999999999999979
EX_ac_e,0.9999999999999979
EX_h_e,0.9999999999999911
EX_lipa_cold_e,0.9999999999999911
EX_colipap_e,0.9999999999999911
EX_crn_e,0.9999999999999911
EX_enter_e,0.9999999999999911
EX_g3pi_e,0.9999999999999911
EX_gthrd_e,0.9999999999999911
EX_ile__L_e,0.0
EX_malthx_e,0.9999999999999885
EX_maltpt_e,0.9999999999999885
EX_mg2_e,0.9999999999999885
EX_mn2_e,0.9999999999999885
EX_mobd_e,0.9999999999999885
EX_no3_e,0.9999999999999885
EX_ocdcea_e,0.9999999999999885
EX_pi_e,0.3761624488801616
EX_so4_e,1.0000000000000044
EX_kdo2lipid4_e,1.0000000000000044
EX_h2o_e,0.9999999999999977
EX_ergst_e,0.9999999999999977
EX_hdca_e,0.9999999999999977
EX_hdcea_e,0.9999999999999977
EX_ocdca_e,0.9999999999999977
EX_glu__L_e,0.9999999999999977
EX_glyc_e,0.3757951546319286
EX_malt_e,1.0000000000000162
EX_pro__L_e,0.0
EX_rib__D_e,1.5161516343358519e-12
EX_so3_e,0.999999999999978
EX_zymst_e,0.999999999999978
EX_fru_e,0.999999999999978
EX_glc__D_e,0.999999999999978
EX_drib_e,0.999999999999978
EX_spmd_e,0.999999999999978
EX_hco3_e,0.9932739905187621
EX_xyl__D_e,1.0000000000000033
EX_tsul_e,1.0000000000000033
EX_ca2_e,1.0000000000000033
EX_arg__L_e,1.0000000000000033
EX_gal_e,1.0000000000000033
EX_met__D_e,1.0000000000000033
EX_fe2_e,1.0000000000000033
EX_tchola_e,1.0000000000000033
EX_cl_e,1.0000000000000033
EX_for_e,1.0000000000000033
EX_gln__L_e,1.0000000000000033
EX_glyb_e,1.0000000000000033
EX_leu__L_e,3.122417780280636e-16
EX_ni2_e,0.9999999999999952
EX_murein5p3p_e,0.9999999999999952
EX_pe1801829Z12Z_e,0.9999999999999952
EX_pe18111Z1829Z12Z_e,0.9999999999999952
EX_pe18111Z1835Z9Z12Z_e,0.9999999999999952
EX_pe1819Z1819Z_e,0.9999999999999952
EX_pe1819Z1845Z9Z12Z15Z_e,0.9999999999999952
EX_pgp18111Z160_e,0.9999999999999952
EX_26dmani_e,0.9999999999999952
EX_meglyxyl_e,0.9999999999999952
EX_egly_e,0.9999999999999952
EX_actn__R_e,0.9999999999999952
EX_g1p_e,0.9999516444234529
EX_met__L_e,-7.217790500128458e-16
EX_dca_e,1.000000000000001
EX_g3pe_e,1.000000000000001
EX_g3pg_e,1.000000000000001
EX_butso3_e,1.000000000000001
EX_chol_e,1.000000000000001
EX_eca4colipa_e,1.000000000000001
EX_hxa_e,1.000000000000001
EX_colipa_e,1.000000000000001
EX_lipa_e,1.000000000000001
EX_octa_e,1.000000000000001
EX_tungs_e,1.000000000000001
EX_fecost_e,1.000000000000001
EX_salchs4_e,1.000000000000001
EX_enlipidA_e,1.000000000000001
EX_no2_e,1.000000000000001
EX_cro4_e,1.000000000000001
EX_murein5px3p_e,1.000000000000001
EX_pail1819Z160_e,1.000000000000001
EX_pe1801819Z_e,1.000000000000001
EX_pe1819Z1829Z12Z_e,1.000000000000001
EX_pg18111Z160_e,1.000000000000001
EX_pg1819Z160_e,1.000000000000001
EX_pgp1819Z160_e,1.000000000000001
EX_degly_e,1.000000000000001
EX_lido_e,1.000000000000001
EX_ttdcea_e,1.000000000000001
EX_acolipa_e,1.000000000000001
EX_epist_e,1.000000000000001
EX_cobalt2_e,1.000000000000001
EX_pe1801835Z9Z12Z_e,1.000000000000001
EX_pe1801845Z9Z12Z15Z_e,1.000000000000001
EX_pe18111Z1819Z_e,1.000000000000001
EX_pe18111Z1845Z9Z12Z15Z_e,1.000000000000001
EX_pe1829Z12Z1835Z9Z12Z_e,1.000000000000001
EX_14glucan_e,1.000000000000001
EX_glyc2p_e,1.000000000000001
EX_lanost_e,1.000000000000001
EX_chitob_e,1.000000000000001
EX_pail18111Z160_e,1.000000000000001
EX_pe1819Z1835Z9Z12Z_e,1.000000000000001
EX_pg161_e,1.000000000000001
EX_pgp160_e,1.000000000000001
EX_pgp181_e,1.000000000000001
EX_murein3px3p_e,1.000000000000001
EX_murein3p3p_e,1.000000000000001
EX_ps120_e,1.000000000000001
EX_ps160_e,1.000000000000001
EX_hghhlipa_e,1.000000000000001
EX_hghhlipan_e,1.000000000000001
EX_ps140_e,1.000000000000001
EX_pa161_e,1.000000000000001
EX_ps180_e,1.000000000000001
EX_pe141_e,1.000000000000001
EX_pa141_e,1.000000000000001
EX_pa140_e,1.000000000000001
EX_pa160_e,1.000000000000001
EX_ps141_e,1.000000000000001
EX_ps161_e,1.000000000000001
EX_LptA_e,1.000000000000001
EX_enlipidA_LptA_e,1.000000000000001
EX_pe140_e,1.000000000000001
EX_pe160_e,1.000000000000001
EX_pg160_e,1.000000000000001
EX_pe161_e,1.000000000000001
EX_pgp120_e,1.000000000000001
EX_pg120_e,1.000000000000001
EX_pgp141_e,1.000000000000001
EX_pg140_e,1.000000000000001
EX_pg181_e,1.000000000000001
EX_pgp161_e,1.000000000000001
EX_pgp180_e,1.000000000000001
EX_pa120_e,1.000000000000001
EX_pa180_e,0.9999996216245799
EX_pa181_e,0.999999999999995
EX_ps181_e,0.999999999999995
EX_pe120_e,0.999999999999995
EX_pe180_e,0.999999999999995
EX_pe181_e,0.999999999999995
EX_pg141_e,0.999999999999995
EX_pg180_e,0.999999999999995
EX_pgp140_e,0.999999999999995
EX_protein_e,0.999999999999995
EX_val__L_e,2.2718141502811845e-15
VALtec,2.2718141502811845e-15
EX_gal__L_e,0.9999999999999963
EX_asp__L_e,0.9999999999999963
EX_sprm_e,0.9999999999999963
SPRMti,0.9999999999999963
EX_4abut_e,0.9999999999999963
PTRCTA,0.9999999999999963
SO4HCOtex,0.9932739905187564
HCO3E,0.9914382474331913
GLUDC,0.9999999999999986
PTRCOX1,0.9999999999999986
EX_crm_e,0.9999999999999986
EX_etha_e,0.9999999999999986
ETHAt,0.9999999999999986
EX_sphmyln_e,0.9999999999999986
GPDDA3,0.9999999999999986
HMR_9805,0.9999999999999986
lipid2,0.9999999999999986
DHCRD2,0.9999999999999986
CHOLK,0.9999999999999986
DHCRD1,0.9999999999999986
RTOT4_cho,0.9999999999999986
ARTFR41_cho,0.9999999999999986
DSAT,0.9999999999999986
2_7_8_3,0.9999999999999986
PYDXO,0.33333333333314485
GLYCt,0.3757951546319302
SPHMYLNt,1.000000000000009
EX_cit_e,0.9967684649421461
ARTPLM1,0.9999999999999984
ACOAR7mc,0.9999999999999947
EX_lac__L_e,0.9999999999999954
LALDO3,0.9999999999999954
MGSA,0.9999999999999954
SPMS,0.9999999999999954
SPRMt2i,0.9999999999999954
ASAPTc,0.9999999999999954
EX_succ_e,0.9999999999999954
MALS,0.9999999999999954
ICL,0.9999999999999954
EX_man_e,0.9999999999999954
MANt1r,0.9999999999999954
EX_lipoate_e,0.9999999999999954
LIPOti_1,0.9999999999999954
EX_ala__L_e,0.9999999999999954
GLYCK2,0.9973669548683195
ASP4DC,0.9999999999999954
CYSLY3,1.0000000000000002
EX_pyr_e,1.0000000000000002
EX_orn_e,1.0000000000000002
UREA,1.0000000000000002
ACGKm,1.0000000000000002
ORNt3m,1.0000000000000002
ORNTACim,1.0000000000000002
ARGN,1.0000000000000002
AGPRim,1.0000000000000002
HMR_4957,1.0000000000000002
ORNt,1.0000000000000002
ARGARGt,0.9982386631266
EX_argarg_e,0.9982386631266
ARGARGr,0.9982386631266
EX_chsterol_e,1.0000000000000002
CHOLESTTDe,1.0000000000000002
EX_citr__L_e,1.0000000000000002
NODOx,1.0000000000000002
ARGDI,1.0000000000000002
r0817,1.0000000000000002
EX_pnto__R_e,1.0000000000000002
PNTOte,1.0000000000000002
EX_mal__L_e,1.0000000000000002
EX_trp__L_e,-7.445479309467303e-16
TRPt,-7.445479309467303e-16
EX_ser__L_e,0.9912374708706643
r2526,0.9912374708706643
FE3DCITexs,0.9999999999999993
CITt2r,0.9967684649421471
EX_fum_e,0.9999999999999993
TSULR3e,0.9999999999999993
ASNGLNNaEx,0.9999999999999993
PKETF,1.4273258243915258e-15
NMNt7,1.0000000000000029
SO4tl,1.0000000000000029
EX_lyslyslys_e,-8.229958191719863e-16
DBRC,1.0000000000000067
NMNP,1.0000000000000067
NADPPPS,1.0000000000000067
PPM2,6.685359456032496e-13
LYSLYSLYSr,5.365869349503092e-15
GMPR,-5.2317226157655145e-14
PHETHRLYSt,-2.1120975099107915e-15
RBK,6.763564147615679e-13
EX_hislysthr_e,9.704231802292825e-16
PUNP4,6.718753430175679e-13
CHORM,-1.7125114945222633e-15
NADDP,1.000000000000001
LYSLYSLYSt,5.220166285204183e-16
DGTPtmc,1.3973442637934839e-14
EX_fadh2_c,1.0000000000000029
HISLYSTHRr,1.8343568218389867e-16
PHETHRLYSr,3.4445702716582462e-15
PPNDH,-1.5790675939258798e-16
HISLYSTHRt,1.8343568218389867e-16
EX_phethrlys_e,3.4445702716582462e-15
DMBZIDS,1.0000000000000033
