,reaction,GPR,score
11,13GS,PADL01_0106800-t36_1-p1,30.05
16,1AGPEAT1801819Z,PADL01_0913300-t36_1-p1,65.1
17,1AGPEAT1801829Z12Z,PADL01_0913300-t36_1-p1,65.1
18,1AGPEAT1801835Z9Z12Z,PADL01_0913300-t36_1-p1,65.1
19,1AGPEAT1801845Z9Z12Z15Z,PADL01_0913300-t36_1-p1,65.1
20,1AGPEAT18111Z1819Z,PADL01_0913300-t36_1-p1,65.1
21,1AGPEAT18111Z1829Z12Z,PADL01_0913300-t36_1-p1,65.1
22,1AGPEAT18111Z1835Z9Z12Z,PADL01_0913300-t36_1-p1,65.1
23,1AGPEAT18111Z1845Z9Z12Z15Z,PADL01_0913300-t36_1-p1,65.1
24,1AGPEAT1819Z1819Z,PADL01_0913300-t36_1-p1,65.1
25,1AGPEAT1819Z1829Z12Z,PADL01_0913300-t36_1-p1,65.1
26,1AGPEAT1819Z1835Z9Z12Z,PADL01_0913300-t36_1-p1,65.1
27,1AGPEAT1819Z1845Z9Z12Z15Z,PADL01_0913300-t36_1-p1,65.1
28,1AGPEAT1829Z12Z1835Z9Z12Z,PADL01_0913300-t36_1-p1,65.1
64,2AGPEAT120,(PADL01_0018300-t36_1-p1 or PADL01_0030200-t36_1-p1),116.7
65,2AGPEAT140,(PADL01_0018300-t36_1-p1 or PADL01_0030200-t36_1-p1),116.7
66,2AGPEAT141,(PADL01_0018300-t36_1-p1 or PADL01_0030200-t36_1-p1),116.7
67,2AGPEAT160,(PADL01_0018300-t36_1-p1 or PADL01_0030200-t36_1-p1),116.7
68,2AGPEAT161,(PADL01_0018300-t36_1-p1 or PADL01_0030200-t36_1-p1),116.7
69,2AGPEAT180,(PADL01_0018300-t36_1-p1 or PADL01_0030200-t36_1-p1),116.7
70,2AGPEAT181,(PADL01_0018300-t36_1-p1 or PADL01_0030200-t36_1-p1),116.7
78,2AGPGAT120,(PADL01_0018300-t36_1-p1 or PADL01_0030200-t36_1-p1),116.7
79,2AGPGAT140,(PADL01_0018300-t36_1-p1 or PADL01_0030200-t36_1-p1),116.7
80,2AGPGAT141,(PADL01_0018300-t36_1-p1 or PADL01_0030200-t36_1-p1),116.7
81,2AGPGAT160,(PADL01_0018300-t36_1-p1 or PADL01_0030200-t36_1-p1),116.7
82,2AGPGAT161,(PADL01_0018300-t36_1-p1 or PADL01_0030200-t36_1-p1),116.7
83,2AGPGAT180,(PADL01_0018300-t36_1-p1 or PADL01_0030200-t36_1-p1),116.7
84,2AGPGAT181,(PADL01_0018300-t36_1-p1 or PADL01_0030200-t36_1-p1),116.7
102,2HMHMBQMTm,(PADL01_0722300-t36_1-p1 and PADL01_0809300-t36_1-p1),51.05714285714286
103,2HP6MPMOm,(PADL01_0722300-t36_1-p1 and PADL01_0809300-t36_1-p1),51.05714285714286
104,2HPMBQMTm,(PADL01_0722300-t36_1-p1 and PADL01_0809300-t36_1-p1),51.05714285714286
105,2HPMMBQMOm,(PADL01_0722300-t36_1-p1 and PADL01_0809300-t36_1-p1),51.05714285714286
124,34HPPYRI,PADL01_1230000-t36_1-p1,59.7
133,3DH5HPBMTm,(PADL01_0722300-t36_1-p1 and PADL01_0809300-t36_1-p1),51.05714285714286
134,3DSPHR,PADL01_0409000-t36_1-p1,73.6
143,3HAD100,PADL01_1321900-t36_1-p1,138.7
144,3HAD100_1,PADL01_1321900-t36_1-p1,77.25
145,3HAD120,PADL01_1321900-t36_1-p1,138.7
146,3HAD120_1,PADL01_1321900-t36_1-p1,77.25
147,3HAD121,PADL01_1321900-t36_1-p1,138.7
148,3HAD140,PADL01_1321900-t36_1-p1,138.7
150,3HAD141,PADL01_1321900-t36_1-p1,138.7
151,3HAD160,PADL01_1321900-t36_1-p1,138.7
153,3HAD161,PADL01_1321900-t36_1-p1,138.7
154,3HAD180,PADL01_1321900-t36_1-p1,138.7
156,3HAD181,PADL01_1321900-t36_1-p1,138.7
158,3HAD40,PADL01_1321900-t36_1-p1,138.7
160,3HAD60,PADL01_1321900-t36_1-p1,138.7
162,3HAD80,PADL01_1321900-t36_1-p1,138.7
163,3HAD80_1,PADL01_1321900-t36_1-p1,77.25
183,3M2OBLOXRD,PADL01_0503400-t36_1-p1,116.9
184,3M2OPLOXRD,PADL01_0503400-t36_1-p1,116.9
212,3OAR100,PADL01_0921900-t36_1-p1,233.0
214,3OAR120,PADL01_0921900-t36_1-p1,233.0
216,3OAR121,PADL01_0921900-t36_1-p1,233.0
217,3OAR140,PADL01_0921900-t36_1-p1,233.0
219,3OAR141,PADL01_0921900-t36_1-p1,233.0
220,3OAR160,PADL01_0921900-t36_1-p1,233.0
222,3OAR161,PADL01_0921900-t36_1-p1,233.0
223,3OAR180,PADL01_0921900-t36_1-p1,233.0
225,3OAR181,PADL01_0921900-t36_1-p1,233.0
227,3OAR40,PADL01_0921900-t36_1-p1,233.0
229,3OAR60,PADL01_0921900-t36_1-p1,233.0
231,3OAR80,PADL01_0921900-t36_1-p1,233.0
233,3OAS100,PADL01_0624400-t36_1-p1,387.5
234,3OAS100_1,PADL01_0210200-t36_1-p1,124.4
235,3OAS120,PADL01_0624400-t36_1-p1,387.5
236,3OAS120_1,PADL01_0210200-t36_1-p1,124.4
237,3OAS121,PADL01_0624400-t36_1-p1,387.5
238,3OAS140,PADL01_0624400-t36_1-p1,387.5
239,3OAS140_1,PADL01_0210200-t36_1-p1,124.4
240,3OAS141,PADL01_0624400-t36_1-p1,387.5
241,3OAS160,PADL01_0624400-t36_1-p1,387.5
242,3OAS160_1,PADL01_0210200-t36_1-p1,124.4
243,3OAS161,PADL01_0624400-t36_1-p1,387.5
244,3OAS180,PADL01_0624400-t36_1-p1,387.5
246,3OAS181,PADL01_0624400-t36_1-p1,387.5
248,3OAS60,PADL01_0624400-t36_1-p1,387.5
249,3OAS60_1,PADL01_0210200-t36_1-p1,124.4
250,3OAS80,PADL01_0624400-t36_1-p1,387.5
251,3OAS80_1,PADL01_0210200-t36_1-p1,124.4
252,3OXCOAT,PADL01_1450900-t36_1-p1,163.3
305,4M2OPLOXRD,PADL01_0503400-t36_1-p1,116.9
353,6TINS5MPOR,PADL01_0919800-t36_1-p1,399.1
379,AACP1819ZS,PADL01_0213800-t36_1-p1,30.4
380,AACPS1,(PADL01_0018300-t36_1-p1 or PADL01_0030200-t36_1-p1 or PADL01_0207200-t36_1-p1),116.7
382,AACPS1_1,PADL01_0213800-t36_1-p1,30.4
383,AACPS2,(PADL01_0018300-t36_1-p1 or PADL01_0030200-t36_1-p1 or PADL01_0207200-t36_1-p1),116.7
384,AACPS3,(PADL01_0018300-t36_1-p1 or PADL01_0030200-t36_1-p1 or PADL01_0207200-t36_1-p1),116.7
385,AACPS3_1,PADL01_0213800-t36_1-p1,30.4
386,AACPS4,(PADL01_0018300-t36_1-p1 or PADL01_0030200-t36_1-p1 or PADL01_0207200-t36_1-p1),116.7
387,AACPS4_1,PADL01_0213800-t36_1-p1,30.4
388,AACPS5,(PADL01_0018300-t36_1-p1 or PADL01_0030200-t36_1-p1 or PADL01_0207200-t36_1-p1),116.7
389,AACPS5_1,PADL01_0213800-t36_1-p1,30.4
390,AACPS6,(PADL01_0018300-t36_1-p1 or PADL01_0030200-t36_1-p1 or PADL01_0207200-t36_1-p1),116.7
391,AACPS6_1,PADL01_0213800-t36_1-p1,30.4
392,AACPS7,(PADL01_0018300-t36_1-p1 or PADL01_0030200-t36_1-p1 or PADL01_0207200-t36_1-p1),116.7
393,AACPS8,(PADL01_0018300-t36_1-p1 or PADL01_0030200-t36_1-p1 or PADL01_0207200-t36_1-p1),116.7
394,AACPS9,(PADL01_0018300-t36_1-p1 or PADL01_0030200-t36_1-p1 or PADL01_0207200-t36_1-p1),116.7
407,AATC,PADL01_0203300-t36_1-p1,192.2
408,AATG,PADL01_0203300-t36_1-p1,192.2
409,AATGm,PADL01_0203300-t36_1-p1,192.2
414,ABFPT,PADL01_0622100-t36_1-p1,137.9
415,ABFPTh,PADL01_0622100-t36_1-p1,137.9
449,ACACT1r,PADL01_1450900-t36_1-p1,184.1
453,ACACT2r,PADL01_1450900-t36_1-p1,181.8
456,ACACT3r,PADL01_1450900-t36_1-p1,181.8
459,ACACT4r,PADL01_1450900-t36_1-p1,181.8
462,ACACT5r,PADL01_1450900-t36_1-p1,181.8
466,ACACT6r,PADL01_1450900-t36_1-p1,181.8
470,ACACT7r,PADL01_1450900-t36_1-p1,181.8
472,ACACT8r,PADL01_1450900-t36_1-p1,181.8
483,ACALDt,spontaneous,0.0
485,ACALDtpp,spontaneous,0.0
492,ACCOAC,((PADL01_1460000-t36_1-p1 and PADL01_1469500-t36_1-p1) or PADL01_1469500-t36_1-p1),765.0
494,ACCOACrm,PADL01_1469500-t36_1-p1,751.9
495,ACCOAL,PADL01_0626000-t36_1-p1,495.4
499,ACCOAth,PADL01_1035400-t36_1-p1,161.8
500,ACCOAtm,PADL01_1035400-t36_1-p1,161.8
502,ACCOAtx,PADL01_1035400-t36_1-p1,161.8
518,ACGAMPM,PADL01_1128200-t36_1-p1,110.2
562,ACOA100OR,PADL01_1455900-t36_1-p1,60.8
563,ACOA120OR,PADL01_1455900-t36_1-p1,60.8
564,ACOA140OR,PADL01_1455900-t36_1-p1,60.8
565,ACOA160OR,PADL01_1455900-t36_1-p1,60.8
566,ACOA40OR,PADL01_1455900-t36_1-p1,60.8
567,ACOA60OR,PADL01_1455900-t36_1-p1,60.8
568,ACOA80OR,PADL01_1455900-t36_1-p1,60.8
643,ACOAR2m,PADL01_1134100-t36_1-p1,175.6
644,ACOAR3m,PADL01_1134100-t36_1-p1,175.6
645,ACOAR4m,PADL01_1134100-t36_1-p1,175.6
646,ACOAR5m,PADL01_1134100-t36_1-p1,175.6
647,ACOAR6m,PADL01_1134100-t36_1-p1,175.6
648,ACOAR7m,PADL01_1134100-t36_1-p1,175.6
649,ACOATA,((PADL01_0207200-t36_1-p1 and PADL01_0210200-t36_1-p1) or PADL01_0207200-t36_1-p1 or PADL01_0210200-t36_1-p1 or PADL01_0624400-t36_1-p1),387.5
650,ACOATA_1,PADL01_0210200-t36_1-p1,124.4
658,ACONIs,spontaneous,0.0
660,ACONT,PADL01_1341200-t36_1-p1,867.5
662,ACONTa,PADL01_1341200-t36_1-p1,819.3
663,ACONTb,PADL01_1341200-t36_1-p1,819.3
665,ACOTA,PADL01_0607000-t36_1-p1,349.7
669,ACP1619ZD9DS,PADL01_1317000-t36_1-p1,35.03333333333333
670,ACP1819ZD9DS,PADL01_1317000-t36_1-p1,35.03333333333333
674,ACPPAT120,PADL01_0207200-t36_1-p1,38.7
675,ACPPAT140,PADL01_0207200-t36_1-p1,38.7
676,ACPPAT141,PADL01_0207200-t36_1-p1,38.7
677,ACPPAT160,PADL01_0207200-t36_1-p1,38.7
678,ACPPAT161,PADL01_0207200-t36_1-p1,38.7
679,ACPPAT180,PADL01_0207200-t36_1-p1,38.7
680,ACPPAT181,PADL01_0207200-t36_1-p1,38.7
682,ACPS1,PADL01_0419400-t36_1-p1,58.9
692,ACPh,PADL01_1109700-t36_1-p1,66.6
695,ACS,PADL01_0626000-t36_1-p1,525.4
709,ACSm,PADL01_0626000-t36_1-p1,504.6
710,ACSp,PADL01_0626000-t36_1-p1,504.6
712,ACTD2,((PADL01_0503400-t36_1-p1 and PADL01_0815100-t36_1-p1 and PADL01_1122700-t36_1-p1) or PADL01_0924700-t36_1-p1),138.875
716,ACTNabc,(PADL01_0109800-t36_1-p1 and PADL01_0318600-t36_1-p1),21.64
717,ACTNabc1,(PADL01_0109800-t36_1-p1 and PADL01_0318600-t36_1-p1),21.64
718,ACYP,PADL01_1109700-t36_1-p1,66.6
721,ACt2r,PADL01_1122300-t36_1-p1,172.9
726,ADA,PADL01_1028000-t36_1-p1,114.4
728,ADAPAT,PADL01_0607000-t36_1-p1,262.7
731,ADCL,PADL01_0921400-t36_1-p1,151.0
735,ADCS,PADL01_0921400-t36_1-p1,151.0
746,ADK1,(PADL01_0108500-t36_1-p1 or PADL01_0414800-t36_1-p1 or PADL01_1007300-t36_1-p1),210.3
747,ADK1m,(PADL01_0108500-t36_1-p1 or PADL01_0414800-t36_1-p1),150.6
748,ADK2,PADL01_0414800-t36_1-p1,117.9
749,ADK3,(PADL01_0414800-t36_1-p1 or PADL01_0927900-t36_1-p1 or PADL01_1007300-t36_1-p1),197.6
751,ADK4,(PADL01_0414800-t36_1-p1 or PADL01_1007300-t36_1-p1),197.6
753,ADKd,PADL01_0414800-t36_1-p1,110.5
754,ADMDC,PADL01_1031500-t36_1-p1,61.2
755,ADNCYC,PADL01_1359500-t36_1-p1,79.7
756,ADNK1,(PADL01_0414800-t36_1-p1 or PADL01_1007300-t36_1-p1),169.5
792,ADSHm,PADL01_0519900-t36_1-p1,592.0
793,ADSK,(PADL01_0910000-t36_1-p1 or PADL01_1356100-t36_1-p1),88.95
795,ADSL1r,PADL01_0205400-t36_1-p1,397.5
796,ADSL2r,PADL01_0205400-t36_1-p1,397.5
797,ADSS,PADL01_1353600-t36_1-p1,375.6
798,ADSSh,PADL01_1353600-t36_1-p1,375.6
803,AFAT,(PADL01_1013400-t36_1-p1 or PADL01_1358100-t36_1-p1),96.3
845,AGMT,PADL01_0905600-t36_1-p1,153.7
850,AGPAT120,PADL01_1444300-t36_1-p1,61.2
851,AGPAT140,PADL01_1444300-t36_1-p1,61.2
852,AGPAT141,PADL01_1444300-t36_1-p1,61.2
853,AGPAT160,PADL01_1444300-t36_1-p1,61.2
854,AGPAT1601819Zh,PADL01_1444300-t36_1-p1,34.85
856,AGPAT160h,PADL01_1444300-t36_1-p1,34.85
857,AGPAT161,PADL01_1444300-t36_1-p1,61.2
858,AGPAT180,PADL01_1444300-t36_1-p1,61.2
859,AGPAT1801819Zh,PADL01_1444300-t36_1-p1,34.85
860,AGPAT181,PADL01_1444300-t36_1-p1,61.2
861,AGPAT18111Z160h,PADL01_1444300-t36_1-p1,34.85
862,AGPAT18111Z1819Zh,PADL01_1444300-t36_1-p1,34.85
863,AGPAT1819Z160h,PADL01_1444300-t36_1-p1,34.85
864,AGPAT1819Z1619Zh,PADL01_1444300-t36_1-p1,34.85
865,AGPAT1819Z18111Zh,PADL01_1444300-t36_1-p1,34.85
866,AGPAT1819Z1819Zh,PADL01_1444300-t36_1-p1,34.85
896,AGPATCOA16018111Z,PADL01_1444300-t36_1-p1,69.7
897,AGPATCOA1601819Z,PADL01_1444300-t36_1-p1,69.7
898,AGPATCOA1801819Z,PADL01_1444300-t36_1-p1,69.7
899,AGPATCOA18111Z160,PADL01_1444300-t36_1-p1,69.7
900,AGPATCOA18111Z18111Z,PADL01_1444300-t36_1-p1,69.7
901,AGPATCOA18111Z1819Z,PADL01_1444300-t36_1-p1,69.7
902,AGPATCOA1819Z160,PADL01_1444300-t36_1-p1,69.7
903,AGPATCOA1819Z18111Z,PADL01_1444300-t36_1-p1,69.7
904,AGPATCOA1819Z1819Z,PADL01_1444300-t36_1-p1,69.7
906,AGPOP,PADL01_0625000-t36_1-p1,465.7
907,AGPOPm,PADL01_0625000-t36_1-p1,465.7
917,AHAL,PADL01_1457200-t36_1-p1,35.6
920,AHCi,PADL01_0519900-t36_1-p1,592.0
944,AKGCITtm,PADL01_0823100-t36_1-p1,253.1
945,AKGDH,((PADL01_0815100-t36_1-p1 and PADL01_0819900-t36_1-p1 and PADL01_1319700-t36_1-p1) or (PADL01_0815100-t36_1-p1 and PADL01_0819900-t36_1-p1) or (PADL01_0815100-t36_1-p1 and PADL01_1319700-t36_1-p1) or (PADL01_0819900-t36_1-p1 and PADL01_1232900-t36_1-p1 and PADL01_1319700-t36_1-p1) or (PADL01_0819900-t36_1-p1 and PADL01_1232900-t36_1-p1) or (PADL01_0819900-t36_1-p1 and PADL01_1319700-t36_1-p1) or (PADL01_1232900-t36_1-p1 and PADL01_1319700-t36_1-p1) or PADL01_0815100-t36_1-p1 or PADL01_0819900-t36_1-p1 or PADL01_1232900-t36_1-p1 or PADL01_1319700-t36_1-p1),388.3
946,AKGDHe2r,PADL01_1319700-t36_1-p1,283.1
948,AKGDam,((PADL01_0819900-t36_1-p1 and PADL01_1232900-t36_1-p1 and PADL01_1319700-t36_1-p1) or PADL01_0819900-t36_1-p1),730.3
949,AKGDb,(PADL01_1019200-t36_1-p1 or PADL01_1319700-t36_1-p1),267.7
950,AKGDbm,(PADL01_0819900-t36_1-p1 and PADL01_1232900-t36_1-p1 and PADL01_1319700-t36_1-p1),470.2
952,AKGICITtm,PADL01_0823100-t36_1-p1,253.1
955,AKGMALtm,PADL01_0823100-t36_1-p1,253.1
986,ALASm,PADL01_1246300-t36_1-p1,276.6
988,ALATA_D2,PADL01_1236200-t36_1-p1,303.1
990,ALATA_L2,PADL01_1236200-t36_1-p1,303.1
993,ALATL,PADL01_1366600-t36_1-p1,565.5
994,ALATRS,PADL01_1366600-t36_1-p1,582.4
1097,ALPHNH,PADL01_0415300-t36_1-p1,105.1
1098,ALPHm,PADL01_0415300-t36_1-p1,105.1
1100,ALR2,(PADL01_1363500-t36_1-p1 or PADL01_1408700-t36_1-p1),70.9
1107,AM6PTh,PADL01_0622100-t36_1-p1,137.9
1124,AMID,PADL01_0415300-t36_1-p1,124.0
1125,AMID2,PADL01_0415300-t36_1-p1,81.3
1126,AMID3,PADL01_0415300-t36_1-p1,81.3
1127,AMID4,PADL01_0415300-t36_1-p1,73.9
1129,AMID_1,PADL01_0415300-t36_1-p1,67.0
1130,AMITKP,PADL01_1315000-t36_1-p1,60.5
1131,AMITKPn,PADL01_1315000-t36_1-p1,60.5
1132,AMITP,PADL01_1315000-t36_1-p1,60.5
1133,AMMQLT8,PADL01_0203700-t36_1-p1,156.0
1137,AMMQT8_2,PADL01_0203700-t36_1-p1,156.0
1138,AMO,PADL01_0801300-t36_1-p1,47.4
1139,AMPDA,PADL01_1328400-t36_1-p1,510.4
1142,AMPN,PADL01_1328400-t36_1-p1,510.4
1143,AMPTASECG,(PADL01_0724900-t36_1-p1 or PADL01_1310700-t36_1-p1 or PADL01_1446200-t36_1-p1),525.0
1145,AMPTASEPG,(PADL01_1310700-t36_1-p1 or PADL01_1446200-t36_1-p1),525.0
1164,AOBUTDs,spontaneous,0.0
1166,AOXSr,(PADL01_1246300-t36_1-p1 or PADL01_1415400-t36_1-p1),214.2
1167,AOXSr2,PADL01_1415400-t36_1-p1,122.5
1168,AP4AH,(PADL01_0802200-t36_1-p1 or PADL01_1436900-t36_1-p1),67.8
1170,AP4AS,(PADL01_1349200-t36_1-p1 or PADL01_1416500-t36_1-p1),358.6
1171,AP5AH,PADL01_0802200-t36_1-p1,44.7
1172,APAPTm,PADL01_1127200-t36_1-p1,271.6
1177,APCPT,PADL01_1420300-t36_1-p1,83.2
1178,APCS,PADL01_1127200-t36_1-p1,188.7
1196,APNPT,PADL01_1420300-t36_1-p1,83.2
1197,APNn,(PADL01_1320400-t36_1-p1 or PADL01_1320500-t36_1-p1),139.4
1211,APhi,PADL01_1109700-t36_1-p1,66.6
1215,ARABDI,PADL01_0504300-t36_1-p1,201.8
1224,ARBTNexs,spontaneous,0.0
1230,ARBt2r,PADL01_0205000-t36_1-p1,53.5
1231,ARBt2rpp,PADL01_0203500-t36_1-p1,122.1
1237,ARGDC,PADL01_0405300-t36_1-p1,436.4
1243,ARGN,PADL01_0905600-t36_1-p1,166.8
1244,ARGN_1,PADL01_0905600-t36_1-p1,172.2
1251,ARGTRS,PADL01_1219100-t36_1-p1,406.0
1262,ARMT,PADL01_1426000-t36_1-p1,308.9
1293,ASNS1,PADL01_0308300-t36_1-p1,612.5
1297,ASNTRAT,(PADL01_0415300-t36_1-p1 and PADL01_0627000-t36_1-p1),82.7
1298,ASNTRS,(PADL01_0100500-t36_1-p1 or PADL01_0210600-t36_1-p1 or PADL01_0508400-t36_1-p1),445.3
1300,ASNTRSm,PADL01_0210600-t36_1-p1,445.3
1313,ASO4rt2rpp,PADL01_1340000-t36_1-p1,65.9
1318,ASPATh,PADL01_0203300-t36_1-p1,192.2
1319,ASPCT,(PADL01_1307000-t36_1-p1 or PADL01_1343900-t36_1-p1),1007.3
1322,ASPCTn,PADL01_1307000-t36_1-p1,1007.3
1324,ASPGLU2m,PADL01_0908000-t36_1-p1,59.7
1347,ASPTA,PADL01_0203300-t36_1-p1,192.2
1349,ASPTAm,PADL01_0203300-t36_1-p1,192.2
1351,ASPTRS,(PADL01_0100500-t36_1-p1 or PADL01_0513300-t36_1-p1),375.2
1353,ASPTRSm,PADL01_0100500-t36_1-p1,355.5
1376,ATAMh,(PADL01_0108500-t36_1-p1 or PADL01_0109000-t36_1-p1 or PADL01_0414800-t36_1-p1),150.6
1377,ATDAMh,(PADL01_0108500-t36_1-p1 or PADL01_0109000-t36_1-p1 or PADL01_0414800-t36_1-p1),150.6
1378,ATDAMm,(PADL01_0108500-t36_1-p1 or PADL01_0414800-t36_1-p1),150.6
1379,ATDGDm,PADL01_1365400-t36_1-p1,182.2
1380,ATGDm,PADL01_1365400-t36_1-p1,182.2
1382,ATHRDHr,PADL01_0624200-t36_1-p1,73.9
1387,ATP2tp_H,PADL01_1367600-t36_1-p1,45.4
1391,ATPH1,PADL01_1431800-t36_1-p1,79.0
1394,ATPHs,spontaneous,0.0
1395,ATPM,spontaneous,0.0
1396,ATPPHm,(PADL01_0617400-t36_1-p1 or PADL01_1431800-t36_1-p1),184.1
1399,ATPS1,(PADL01_0215900-t36_1-p1 and PADL01_1236300-t36_1-p1 and PADL01_1310200-t36_1-p1),160.1875
1400,ATPS10_3,(PADL01_0215900-t36_1-p1 and PADL01_1236300-t36_1-p1 and PADL01_1310200-t36_1-p1),160.1875
1401,ATPS10rpp,(PADL01_0215900-t36_1-p1 and PADL01_1236300-t36_1-p1 and PADL01_1310200-t36_1-p1),146.5
1402,ATPS3g,(PADL01_0405700-t36_1-p1 and PADL01_0518200-t36_1-p1 and PADL01_0518200-t36_1-p1 and PADL01_0806300-t36_1-p1 and PADL01_1138300-t36_1-p1 and PADL01_1305400-t36_1-p1 and PADL01_1310800-t36_1-p1 and PADL01_1341000-t36_1-p1 and PADL01_1353500-t36_1-p1 and PADL01_1464600-t36_1-p1),190.05384615384614
1403,ATPS3m,((PADL01_0215900-t36_1-p1 and PADL01_0704600-t36_1-p1 and PADL01_1236300-t36_1-p1 and PADL01_1310200-t36_1-p1) or (PADL01_0215900-t36_1-p1 and PADL01_1236300-t36_1-p1 and PADL01_1310200-t36_1-p1) or (PADL01_1236300-t36_1-p1 and PADL01_1310200-t36_1-p1)),143.36999999999998
1404,ATPS3v,(PADL01_0405700-t36_1-p1 and PADL01_0518200-t36_1-p1 and PADL01_0518200-t36_1-p1 and PADL01_0806300-t36_1-p1 and PADL01_1138300-t36_1-p1 and PADL01_1305400-t36_1-p1 and PADL01_1310800-t36_1-p1 and PADL01_1341000-t36_1-p1 and PADL01_1353500-t36_1-p1 and PADL01_1464600-t36_1-p1),191.56923076923078
1407,ATPS4r,((PADL01_0215900-t36_1-p1 and PADL01_0405700-t36_1-p1 and PADL01_1310200-t36_1-p1) or (PADL01_0215900-t36_1-p1 and PADL01_1236300-t36_1-p1 and PADL01_1310200-t36_1-p1) or (PADL01_0405700-t36_1-p1 and PADL01_1310800-t36_1-p1 and PADL01_1341000-t36_1-p1) or (PADL01_0405700-t36_1-p1 and PADL01_1341000-t36_1-p1)),160.1875
1408,ATPS4rpp,((PADL01_0215900-t36_1-p1 and PADL01_1236300-t36_1-p1 and PADL01_1310200-t36_1-p1) or (PADL01_0215900-t36_1-p1 and PADL01_1236300-t36_1-p1) or (PADL01_0215900-t36_1-p1 and PADL01_1310200-t36_1-p1) or (PADL01_1236300-t36_1-p1 and PADL01_1310200-t36_1-p1) or PADL01_0215900-t36_1-p1 or PADL01_1236300-t36_1-p1 or PADL01_1310200-t36_1-p1),146.5625
1409,ATPS4rpp_1,(PADL01_0215900-t36_1-p1 and PADL01_1310200-t36_1-p1),60.019999999999996
1411,ATPSu,(PADL01_0215900-t36_1-p1 and PADL01_1310200-t36_1-p1),60.019999999999996
1413,ATP_3h_tm,PADL01_1035900-t36_1-p1,289.3
1415,ATPtm_H,PADL01_1035900-t36_1-p1,295.0
1416,ATPtp_H,PADL01_1367600-t36_1-p1,45.4
1473,BACCL,PADL01_1025300-t36_1-p1,53.9
1482,BATHORHODOPSINI,PADL01_1359500-t36_1-p1,98.6
1484,BC10_new,PADL01_1439400-t36_1-p1,19.25
1489,BCAROKT,PADL01_1317000-t36_1-p1,58.15
1560,BTP,PADL01_0816700-t36_1-p1,160.2
1595,BZt,spontaneous,0.0
1599,C100SN,PADL01_0921900-t36_1-p1,46.519999999999996
1601,C140SN,PADL01_0613400-t36_1-p1,19.75
1609,C160SN,PADL01_0613400-t36_1-p1,19.75
1620,C180SN,PADL01_0613400-t36_1-p1,19.75
1625,C181SN,PADL01_0613400-t36_1-p1,19.75
1626,C190cSN,PADL01_0613400-t36_1-p1,19.75
1633,C22STDS,PADL01_0922200-t36_1-p1,49.3
1658,CA2abc,PADL01_1212300-t36_1-p1,419.5
1659,CA2abc1,PADL01_0103900-t36_1-p1,429.1
1660,CA2abcpp,PADL01_1212300-t36_1-p1,327.4
1661,CA2t3pp,PADL01_0601600-t36_1-p1,234.6
1668,CACOAL,PADL01_0524100-t36_1-p1,420.2
1684,CAt4,PADL01_0601600-t36_1-p1,200.3
1688,CBFC,PADL01_1439400-t36_1-p1,10.16
1689,CBFC2,PADL01_1439400-t36_1-p1,2.536363636363636
1690,CBFC2pp,PADL01_1439400-t36_1-p1,2.536363636363636
1691,CBFCpp,PADL01_1439400-t36_1-p1,2.536363636363636
1692,CBFCu,PADL01_1439400-t36_1-p1,2.536363636363636
1707,CBMD,spontaneous,0.0
1711,CBPS,PADL01_1307000-t36_1-p1,1007.3
1713,CBPSn,PADL01_1307000-t36_1-p1,1007.3
1718,CCP2m,(PADL01_1403700-t36_1-p1 or PADL01_1462700-t36_1-p1),129.6
1723,CD2t4,PADL01_0713900-t36_1-p1,70.5
1771,CDPDAGS18111Z160,PADL01_1409500-t36_1-p1,200.7
1772,CDPDAGS18111Z160h,PADL01_1409500-t36_1-p1,200.7
1773,CDPDAGS1819Z160,PADL01_1409500-t36_1-p1,200.7
1774,CDPDAGS1819Z160h,PADL01_1409500-t36_1-p1,200.7
1775,CDPDGPm_SC,PADL01_0819400-t36_1-p1,99.0
1779,CDPMEK,PADL01_0502000-t36_1-p1,54.3
1780,CDPPH,PADL01_1431800-t36_1-p1,68.2
1804,CEF,PADL01_1317000-t36_1-p1,29.075
1880,CFAS160E,PADL01_1342100-t36_1-p1,45.8
1881,CFAS160G,PADL01_1342100-t36_1-p1,45.8
1882,CFAS180E,PADL01_1342100-t36_1-p1,45.8
1883,CFAS180G,PADL01_1342100-t36_1-p1,45.8
1896,CHITOBpts,PADL01_1468900-t36_1-p1,10.32
1905,CHLDA1tu,PADL01_1229700-t36_1-p1,57.0
1906,CHLDA2tu,PADL01_1229700-t36_1-p1,57.0
1909,CHLPCTD,PADL01_1315500-t36_1-p1,193.0
1910,CHLSTD78I,PADL01_1306000-t36_1-p1,63.9
1911,CHLSTI_1,PADL01_1306000-t36_1-p1,63.9
1925,CHOLK,PADL01_1401300-t36_1-p1,76.6
1933,CHORS,PADL01_0621100-t36_1-p1,243.4
1937,CHRS,PADL01_0621100-t36_1-p1,223.4
1949,CHYA2,PADL01_1469500-t36_1-p1,330.5
1956,CITALOR,PADL01_0801300-t36_1-p1,47.4
1979,CITtam,PADL01_1035900-t36_1-p1,43.9
1980,CITtbm,PADL01_1035900-t36_1-p1,43.9
1981,CITtcm,(PADL01_0823100-t36_1-p1 or PADL01_1035900-t36_1-p1),253.1
2027,CMK,PADL01_0502000-t36_1-p1,71.2
2037,CO2t,spontaneous,0.0
2039,CO2tpp,spontaneous,0.0
2040,COA1819ZD9DS,(PADL01_0917100-t36_1-p1 or PADL01_1233000-t36_1-p1),61.2
2043,COAtim,PADL01_0908000-t36_1-p1,61.6
2046,COB2NDARED,spontaneous,0.0
2071,COLIPAabcpp,(PADL01_0522000-t36_1-p1 or PADL01_1143700-t36_1-p1 or PADL01_1351200-t36_1-p1 or PADL01_1447900-t36_1-p1),216.1
2081,COabc,(PADL01_1367100-t36_1-p1 or PADL01_1434000-t36_1-p1),27.55
2091,CPGNexs,spontaneous,0.0
2094,CPK1,PADL01_1007300-t36_1-p1,169.5
2096,CPPPGO,PADL01_1140600-t36_1-p1,122.9
2099,CPPPGO_1,PADL01_1140600-t36_1-p1,149.1
2107,CRNCARtm,PADL01_0823100-t36_1-p1,72.4
2125,CRO4abcpp,PADL01_1426300-t36_1-p1,20.025
2130,CRTNsyn,spontaneous,0.0
2131,CRTNsyn_cho,spontaneous,0.0
2132,CS,PADL01_1021000-t36_1-p1,309.7
2141,CSND,PADL01_1348500-t36_1-p1,70.9
2148,CSm,PADL01_1021000-t36_1-p1,361.7
2149,CSp,PADL01_1021000-t36_1-p1,357.1
2158,CTPS1,PADL01_1409800-t36_1-p1,392.9
2159,CTPS2,PADL01_1409800-t36_1-p1,392.9
2160,CTPtm,PADL01_0823100-t36_1-p1,77.0
2162,CU1abcpp,PADL01_0903900-t36_1-p1,85.5
2164,CU2abcu_syn,PADL01_0903900-t36_1-p1,92.0
2180,CYO1_KT,PADL01_1439400-t36_1-p1,36.333333333333336
2182,CYO1b,PADL01_1430900-t36_1-p1,24.75
2189,CYOO6m,((PADL01_1360600-t36_1-p1 and PADL01_1403700-t36_1-p1 and PADL01_1430900-t36_1-p1) or (PADL01_1360600-t36_1-p1 and PADL01_1430900-t36_1-p1 and PADL01_1462700-t36_1-p1)),91.41999999999999
2191,CYOOm,((PADL01_1403700-t36_1-p1 and PADL01_1430900-t36_1-p1) or PADL01_1430900-t36_1-p1),21.21666666666667
2197,CYOR_q8_m,((PADL01_1403700-t36_1-p1 and PADL01_1439400-t36_1-p1) or (PADL01_1439400-t36_1-p1 and PADL01_1462700-t36_1-p1)),143.9333333333333
2200,CYOR_u6m,((PADL01_1403700-t36_1-p1 and PADL01_1439400-t36_1-p1 and PADL01_1462700-t36_1-p1) or (PADL01_1439400-t36_1-p1 and PADL01_1462700-t36_1-p1)),48.95454545454545
2210,CYSAT,PADL01_0203300-t36_1-p1,192.2
2211,CYSATm,PADL01_0203300-t36_1-p1,192.2
2229,CYSTAm,PADL01_0203300-t36_1-p1,192.2
2236,CYSTRS,PADL01_1013600-t36_1-p1,395.2
2272,CYTK1,PADL01_0109000-t36_1-p1,71.2
2285,CYTK2,PADL01_0109000-t36_1-p1,71.2
2286,CYTK2_1,PADL01_1007300-t36_1-p1,169.5
2302,CYTMQOR3pp,PADL01_1439400-t36_1-p1,16.8
2304,CYTP450R,PADL01_0922200-t36_1-p1,159.5
2305,CYTP450Rh,PADL01_0922200-t36_1-p1,159.5
2306,CY_focytb5_c,(PADL01_0917100-t36_1-p1 or PADL01_1233000-t36_1-p1),61.2
2309,Cobalt2abcppI,PADL01_1434000-t36_1-p1,13.775
2311,Cut1,PADL01_0903900-t36_1-p1,92.0
2318,DADA,PADL01_1028000-t36_1-p1,114.4
2320,DADK,((PADL01_1007300-t36_1-p1 and PADL01_1007300-t36_1-p1) or PADL01_0108500-t36_1-p1 or PADL01_0414800-t36_1-p1 or PADL01_1007300-t36_1-p1),210.3
2335,DAGCPT_SC,PADL01_0626500-t36_1-p1,101.7
2396,DAPOP,PADL01_0625000-t36_1-p1,465.7
2407,DASYN120,PADL01_1409500-t36_1-p1,59.3
2408,DASYN140,PADL01_1409500-t36_1-p1,59.3
2409,DASYN141,PADL01_1409500-t36_1-p1,59.3
2410,DASYN160,PADL01_1409500-t36_1-p1,59.3
2412,DASYN161,PADL01_1409500-t36_1-p1,59.3
2413,DASYN180,PADL01_1409500-t36_1-p1,59.3
2414,DASYN181,PADL01_1409500-t36_1-p1,59.3
2415,DASYN181_9,PADL01_1409500-t36_1-p1,58.9
2416,DASYN182_9_12,PADL01_1409500-t36_1-p1,58.9
2417,DASYN183_6_9_12,PADL01_1409500-t36_1-p1,58.9
2418,DASYN183_9_12_15,PADL01_1409500-t36_1-p1,58.9
2419,DASYN184_6_9_12_15,PADL01_1409500-t36_1-p1,58.9
2424,DASYN_SC,PADL01_1409500-t36_1-p1,256.9
2425,DASYNm_SC,PADL01_1409500-t36_1-p1,256.9
2429,DATPHs,spontaneous,0.0
2467,DDMCITALOR,PADL01_0801300-t36_1-p1,47.4
2474,DESAT16,PADL01_0510100-t36_1-p1,148.7
2476,DESAT18,PADL01_0510100-t36_1-p1,148.7
2492,DES_9,PADL01_0510100-t36_1-p1,120.9
2505,DGDGD4DS1819Z1634Z7Z10Z,PADL01_1317000-t36_1-p1,105.1
2506,DGDGD4DS1829Z12Z1634Z7Z10Z,PADL01_1317000-t36_1-p1,105.1
2507,DGDGD4DS1839Z12Z15Z1634Z7Z10Z,PADL01_1317000-t36_1-p1,105.1
2508,DGDGD4DS1839Z12Z15Z1644Z7Z10Z13Z,PADL01_1317000-t36_1-p1,105.1
2509,DGDGD7DS1819Z1617Z,((PADL01_0510100-t36_1-p1 and PADL01_1317000-t36_1-p1) or PADL01_0510100-t36_1-p1 or PADL01_1317000-t36_1-p1),106.44999999999999
2510,DGDGD7DS1829Z12Z1617Z,((PADL01_0510100-t36_1-p1 and PADL01_1317000-t36_1-p1) or PADL01_0510100-t36_1-p1 or PADL01_1317000-t36_1-p1),106.44999999999999
2529,DGDGW3DS1819Z1637Z10Z13Z,PADL01_1317000-t36_1-p1,52.55
2530,DGDGW3DS1829Z12Z1637Z10Z13Z,PADL01_1317000-t36_1-p1,52.55
2531,DGDGW3DS1839Z12Z15Z160,PADL01_1317000-t36_1-p1,52.55
2532,DGDGW3DS1839Z12Z15Z1627Z10Z,PADL01_1317000-t36_1-p1,52.55
2533,DGDGW3DS1839Z12Z15Z1634Z7Z10Z,PADL01_1317000-t36_1-p1,52.55
2534,DGDGW3DS1839Z12Z15Z1637Z10Z13Z1,PADL01_1317000-t36_1-p1,52.55
2535,DGDGW3DS1839Z12Z15Z1637Z10Z13Z2,PADL01_1317000-t36_1-p1,52.55
2536,DGDGW3DS1839Z12Z15Z1644Z7Z10Z13Z,PADL01_1317000-t36_1-p1,52.55
2537,DGDGW6DS1819Z1627Z10Z,PADL01_1317000-t36_1-p1,52.55
2538,DGDGW6DS1829Z12Z160,PADL01_1317000-t36_1-p1,52.55
2539,DGDGW6DS1829Z12Z1617Z,PADL01_1317000-t36_1-p1,52.55
2540,DGDGW6DS1829Z12Z1619Z,PADL01_1317000-t36_1-p1,52.55
2541,DGDGW6DS1829Z12Z1627Z10Z1,PADL01_1317000-t36_1-p1,52.55
2542,DGDGW6DS1829Z12Z1627Z10Z2,PADL01_1317000-t36_1-p1,52.55
2543,DGDGW6DS1829Z12Z1634Z7Z10Z,PADL01_1317000-t36_1-p1,52.55
2544,DGDGW6DS1829Z12Z1637Z10Z13Z,PADL01_1317000-t36_1-p1,52.55
2548,DGK1,PADL01_0927900-t36_1-p1,139.4
2601,DHBS,PADL01_0040700-t36_1-p1,67.4
2602,DHBSZ3FEexs,spontaneous,0.0
2628,DHFOR,PADL01_0416400-t36_1-p1,389.0
2629,DHFR,PADL01_0416400-t36_1-p1,389.0
2630,DHFR2i,PADL01_0416400-t36_1-p1,389.0
2632,DHFS,(PADL01_0809900-t36_1-p1 or PADL01_1323700-t36_1-p1),156.4
2648,DHORD2,PADL01_0601400-t36_1-p1,211.1
2651,DHORD5,PADL01_0601400-t36_1-p1,211.1
2657,DHORTS,(PADL01_1307000-t36_1-p1 or PADL01_1472800-t36_1-p1),1007.3
2658,DHORTSn,PADL01_1307000-t36_1-p1,1007.3
2669,DHPS,PADL01_0809900-t36_1-p1,109.0
2670,DHPS2,PADL01_0809900-t36_1-p1,119.8
2674,DHPTDCs,spontaneous,0.0
2675,DHPTDCs2,spontaneous,0.0
2682,DHQTi,PADL01_1014300-t36_1-p1,402.1
2684,DHROm,PADL01_0601400-t36_1-p1,125.0
2713,DIPS,PADL01_1007400-t36_1-p1,246.9
2738,DMATT,PADL01_1126700-t36_1-p1,216.1
2744,DMCITALOR,PADL01_0801300-t36_1-p1,47.4
2750,DMPPS,PADL01_0102000-t36_1-p1,231.9
2752,DMQMT,PADL01_0722300-t36_1-p1,57.8
2753,DMQMT6m,PADL01_0722300-t36_1-p1,69.7
2761,DMSOtpp,spontaneous,0.0
2832,DNGALh,PADL01_0925700-t36_1-p1,103.6
2833,DNMPPA,(PADL01_0414200-t36_1-p1 or PADL01_0903900-t36_1-p1 or PADL01_1429900-t36_1-p1),230.7
2835,DNTPPA,(PADL01_0903900-t36_1-p1 or PADL01_1429900-t36_1-p1),200.3
2839,DOLASNT,PADL01_1114700-t36_1-p1,99.1
2858,DOLPMT,PADL01_1139800-t36_1-p1,223.0
2867,DOLPMTcer,PADL01_1139800-t36_1-p1,91.7
2904,DRPA,PADL01_1020000-t36_1-p1,139.0
2905,DRTPPD,PADL01_0913100-t36_1-p1,53.1
2910,DSBDR,PADL01_1457200-t36_1-p1,36.0
2917,DTARTD,PADL01_0926300-t36_1-p1,516.5
2918,DTMPK,PADL01_1251500-t36_1-p1,139.4
2920,DTPH,PADL01_1431800-t36_1-p1,68.2
2936,DUTPDP,(PADL01_0718800-t36_1-p1 or PADL01_1125400-t36_1-p1),100.9
2944,DXHPScm,PADL01_1412200-t36_1-p1,296.6
2945,DXPRIi,PADL01_1467200-t36_1-p1,301.2
2946,DXPS,PADL01_1336300-t36_1-p1,268.1
2947,DXRI,PADL01_1467200-t36_1-p1,275.8
2948,DXS,PADL01_1336300-t36_1-p1,288.9
2951,DYTK2,PADL01_1007300-t36_1-p1,169.5
2952,D_LACDHm,(PADL01_1403700-t36_1-p1 or PADL01_1462700-t36_1-p1),129.6
2953,D_LACDcm,PADL01_1403700-t36_1-p1,66.45
2954,D_LACDm,PADL01_1403700-t36_1-p1,66.45
2959,E4PD,PADL01_1462800-t36_1-p1,430.3
2960,EAR100x,PADL01_0613400-t36_1-p1,92.4
2961,EAR100x_1,PADL01_0613400-t36_1-p1,132.5
2962,EAR100y,PADL01_0613400-t36_1-p1,92.4
2964,EAR120x,PADL01_0613400-t36_1-p1,92.4
2965,EAR120x_1,PADL01_0613400-t36_1-p1,132.5
2966,EAR120y,PADL01_0613400-t36_1-p1,92.4
2968,EAR121x,PADL01_0613400-t36_1-p1,92.4
2969,EAR121y,PADL01_0613400-t36_1-p1,92.4
2970,EAR140x,PADL01_0613400-t36_1-p1,92.4
2971,EAR140x_1,PADL01_0613400-t36_1-p1,132.5
2972,EAR140y,PADL01_0613400-t36_1-p1,92.4
2974,EAR141x,PADL01_0613400-t36_1-p1,92.4
2975,EAR141y,PADL01_0613400-t36_1-p1,92.4
2976,EAR160x,PADL01_0613400-t36_1-p1,92.4
2977,EAR160x_1,PADL01_0613400-t36_1-p1,132.5
2978,EAR160y,PADL01_0613400-t36_1-p1,92.4
2980,EAR161x,PADL01_0613400-t36_1-p1,92.4
2981,EAR161y,PADL01_0613400-t36_1-p1,92.4
2982,EAR180x,PADL01_0613400-t36_1-p1,92.4
2983,EAR180x_1,PADL01_0613400-t36_1-p1,132.5
2984,EAR180y,PADL01_0613400-t36_1-p1,92.4
2985,EAR181x,PADL01_0613400-t36_1-p1,92.4
2986,EAR181x_1,PADL01_0613400-t36_1-p1,132.5
2987,EAR181y,PADL01_0613400-t36_1-p1,92.4
2989,EAR40x,PADL01_0613400-t36_1-p1,92.4
2990,EAR40x_1,PADL01_0613400-t36_1-p1,132.5
2991,EAR40y,PADL01_0613400-t36_1-p1,92.4
2993,EAR60x,PADL01_0613400-t36_1-p1,92.4
2994,EAR60x_1,PADL01_0613400-t36_1-p1,132.5
2995,EAR60y,PADL01_0613400-t36_1-p1,92.4
2997,EAR80x,PADL01_0613400-t36_1-p1,92.4
2998,EAR80x_1,PADL01_0613400-t36_1-p1,132.5
2999,EAR80y,PADL01_0613400-t36_1-p1,92.4
3037,ECOAH8,PADL01_1321900-t36_1-p1,154.5
3041,ECOAR,PADL01_1134100-t36_1-p1,175.6
3051,EGMEACPR,PADL01_0613400-t36_1-p1,92.4
3070,ENO,PADL01_1014300-t36_1-p1,546.6
3072,ENOf,PADL01_1014300-t36_1-p1,546.6
3073,ENOm,PADL01_1014300-t36_1-p1,546.6
3085,EPISTESTH_SC,PADL01_1124900-t36_1-p1,59.7
3087,EPISTt,PADL01_1426300-t36_1-p1,102.1
3088,EPMEACPR,PADL01_0613400-t36_1-p1,92.4
3091,ERGSTAT_SC,PADL01_0321200-t36_1-p1,124.0
3092,ERGSTESTH_SC,PADL01_1124900-t36_1-p1,59.7
3095,ERGSTt,PADL01_1426300-t36_1-p1,102.1
3107,ETHAK,PADL01_1122800-t36_1-p1,138.3
3108,ETHAPT1801819Z,PADL01_0626500-t36_1-p1,124.0
3109,ETHAPT18111Z1819Z,PADL01_0626500-t36_1-p1,124.0
3110,ETHAPT1819Z1819Z,PADL01_0626500-t36_1-p1,124.0
3111,ETHAPT_SC,PADL01_0626500-t36_1-p1,101.7
3122,ETOHtrpp,spontaneous,0.0
3186,FACOAL100p,PADL01_0524100-t36_1-p1,308.5
3187,FACOAL100t2pp,(PADL01_0009300-t36_1-p1 or PADL01_0009800-t36_1-p1 or PADL01_0010700-t36_1-p1 or PADL01_0018300-t36_1-p1 or PADL01_0018500-t36_1-p1 or PADL01_0018700-t36_1-p1 or PADL01_0030200-t36_1-p1 or PADL01_0037200-t36_1-p1 or PADL01_0040700-t36_1-p1 or PADL01_0524100-t36_1-p1 or PADL01_0729300-t36_1-p1 or PADL01_1201200-t36_1-p1 or PADL01_1239600-t36_1-p1),115.2
3188,FACOAL120p,PADL01_0524100-t36_1-p1,308.5
3189,FACOAL120t2pp,(PADL01_0009300-t36_1-p1 or PADL01_0009800-t36_1-p1 or PADL01_0010700-t36_1-p1 or PADL01_0018300-t36_1-p1 or PADL01_0018500-t36_1-p1 or PADL01_0018700-t36_1-p1 or PADL01_0030200-t36_1-p1 or PADL01_0037200-t36_1-p1 or PADL01_0040700-t36_1-p1 or PADL01_0524100-t36_1-p1 or PADL01_0729300-t36_1-p1 or PADL01_1201200-t36_1-p1 or PADL01_1239600-t36_1-p1),115.2
3190,FACOAL140,(PADL01_0009800-t36_1-p1 or PADL01_0018300-t36_1-p1 or PADL01_0524100-t36_1-p1),250.0
3191,FACOAL140_ISO,(PADL01_0009800-t36_1-p1 or PADL01_0018300-t36_1-p1),75.9
3192,FACOAL140p,PADL01_0524100-t36_1-p1,308.5
3193,FACOAL140t2pp,(PADL01_0009300-t36_1-p1 or PADL01_0009800-t36_1-p1 or PADL01_0010700-t36_1-p1 or PADL01_0018300-t36_1-p1 or PADL01_0018500-t36_1-p1 or PADL01_0018700-t36_1-p1 or PADL01_0030200-t36_1-p1 or PADL01_0037200-t36_1-p1 or PADL01_0040700-t36_1-p1 or PADL01_0524100-t36_1-p1 or PADL01_0729300-t36_1-p1 or PADL01_1201200-t36_1-p1 or PADL01_1239600-t36_1-p1),115.2
3194,FACOAL141,PADL01_0524100-t36_1-p1,250.0
3195,FACOAL141p,PADL01_0524100-t36_1-p1,308.5
3196,FACOAL141t2pp,(PADL01_0009300-t36_1-p1 or PADL01_0009800-t36_1-p1 or PADL01_0010700-t36_1-p1 or PADL01_0018300-t36_1-p1 or PADL01_0018500-t36_1-p1 or PADL01_0018700-t36_1-p1 or PADL01_0030200-t36_1-p1 or PADL01_0037200-t36_1-p1 or PADL01_0040700-t36_1-p1 or PADL01_0524100-t36_1-p1 or PADL01_0729300-t36_1-p1 or PADL01_1201200-t36_1-p1 or PADL01_1239600-t36_1-p1),115.2
3198,FACOAL150_ISO,(PADL01_0009800-t36_1-p1 or PADL01_0018300-t36_1-p1),75.9
3199,FACOAL150_anteiso,(PADL01_0009800-t36_1-p1 or PADL01_0018300-t36_1-p1),75.9
3200,FACOAL160,(PADL01_0009300-t36_1-p1 or PADL01_0009800-t36_1-p1 or PADL01_0018300-t36_1-p1 or PADL01_0524100-t36_1-p1),420.2
3201,FACOAL160_ISO,(PADL01_0009800-t36_1-p1 or PADL01_0018300-t36_1-p1),75.9
3202,FACOAL160p,PADL01_0524100-t36_1-p1,308.5
3203,FACOAL160t2pp,(PADL01_0009300-t36_1-p1 or PADL01_0009800-t36_1-p1 or PADL01_0010700-t36_1-p1 or PADL01_0018300-t36_1-p1 or PADL01_0018500-t36_1-p1 or PADL01_0018700-t36_1-p1 or PADL01_0030200-t36_1-p1 or PADL01_0037200-t36_1-p1 or PADL01_0040700-t36_1-p1 or PADL01_0524100-t36_1-p1 or PADL01_0729300-t36_1-p1 or PADL01_1201200-t36_1-p1 or PADL01_1239600-t36_1-p1),115.2
3204,FACOAL161,(PADL01_0009800-t36_1-p1 or PADL01_0018300-t36_1-p1 or PADL01_0524100-t36_1-p1),250.0
3205,FACOAL161_ISO,(PADL01_0009800-t36_1-p1 or PADL01_0018300-t36_1-p1),75.9
3206,FACOAL161p,PADL01_0524100-t36_1-p1,308.5
3207,FACOAL161t2pp,(PADL01_0009300-t36_1-p1 or PADL01_0009800-t36_1-p1 or PADL01_0010700-t36_1-p1 or PADL01_0018300-t36_1-p1 or PADL01_0018500-t36_1-p1 or PADL01_0018700-t36_1-p1 or PADL01_0030200-t36_1-p1 or PADL01_0037200-t36_1-p1 or PADL01_0040700-t36_1-p1 or PADL01_0524100-t36_1-p1 or PADL01_0729300-t36_1-p1 or PADL01_1201200-t36_1-p1 or PADL01_1239600-t36_1-p1),115.2
3209,FACOAL170_ISO,(PADL01_0009800-t36_1-p1 or PADL01_0018300-t36_1-p1),75.9
3210,FACOAL170_anteiso,(PADL01_0009800-t36_1-p1 or PADL01_0018300-t36_1-p1),75.9
3211,FACOAL171_ISO,(PADL01_0009800-t36_1-p1 or PADL01_0018300-t36_1-p1),75.9
3212,FACOAL171_anteiso,(PADL01_0009800-t36_1-p1 or PADL01_0018300-t36_1-p1),75.9
3213,FACOAL180,PADL01_0524100-t36_1-p1,250.0
3214,FACOAL180_1,PADL01_0524100-t36_1-p1,420.2
3215,FACOAL180_2,(PADL01_0009800-t36_1-p1 or PADL01_0018300-t36_1-p1),75.9
3216,FACOAL180t2pp,(PADL01_0009300-t36_1-p1 or PADL01_0009800-t36_1-p1 or PADL01_0010700-t36_1-p1 or PADL01_0018300-t36_1-p1 or PADL01_0018500-t36_1-p1 or PADL01_0018700-t36_1-p1 or PADL01_0030200-t36_1-p1 or PADL01_0037200-t36_1-p1 or PADL01_0040700-t36_1-p1 or PADL01_0524100-t36_1-p1 or PADL01_0729300-t36_1-p1 or PADL01_1201200-t36_1-p1 or PADL01_1239600-t36_1-p1),115.2
3217,FACOAL181,(PADL01_0009800-t36_1-p1 or PADL01_0018300-t36_1-p1 or PADL01_0524100-t36_1-p1),250.0
3218,FACOAL18111Z,PADL01_0524100-t36_1-p1,420.2
3221,FACOAL181_1,PADL01_0524100-t36_1-p1,420.2
3222,FACOAL181t2pp,(PADL01_0009300-t36_1-p1 or PADL01_0009800-t36_1-p1 or PADL01_0010700-t36_1-p1 or PADL01_0018300-t36_1-p1 or PADL01_0018500-t36_1-p1 or PADL01_0018700-t36_1-p1 or PADL01_0030200-t36_1-p1 or PADL01_0037200-t36_1-p1 or PADL01_0040700-t36_1-p1 or PADL01_0524100-t36_1-p1 or PADL01_0729300-t36_1-p1 or PADL01_1201200-t36_1-p1 or PADL01_1239600-t36_1-p1),115.2
3223,FACOAL182,PADL01_0524100-t36_1-p1,250.0
3224,FACOAL1821,PADL01_0524100-t36_1-p1,420.2
3226,FACOAL1831,PADL01_0524100-t36_1-p1,420.2
3227,FACOAL1832,PADL01_0524100-t36_1-p1,420.2
3254,FACOAL60t2pp,(PADL01_0009300-t36_1-p1 or PADL01_0009800-t36_1-p1 or PADL01_0010700-t36_1-p1 or PADL01_0018300-t36_1-p1 or PADL01_0018500-t36_1-p1 or PADL01_0018700-t36_1-p1 or PADL01_0030200-t36_1-p1 or PADL01_0037200-t36_1-p1 or PADL01_0040700-t36_1-p1 or PADL01_0524100-t36_1-p1 or PADL01_0729300-t36_1-p1 or PADL01_1201200-t36_1-p1 or PADL01_1239600-t36_1-p1),115.2
3255,FACOAL80,PADL01_0524100-t36_1-p1,180.6
3256,FACOAL80p,PADL01_0524100-t36_1-p1,308.5
3257,FACOAL80t2pp,(PADL01_0009300-t36_1-p1 or PADL01_0009800-t36_1-p1 or PADL01_0010700-t36_1-p1 or PADL01_0018300-t36_1-p1 or PADL01_0018500-t36_1-p1 or PADL01_0018700-t36_1-p1 or PADL01_0030200-t36_1-p1 or PADL01_0037200-t36_1-p1 or PADL01_0040700-t36_1-p1 or PADL01_0524100-t36_1-p1 or PADL01_0729300-t36_1-p1 or PADL01_1201200-t36_1-p1 or PADL01_1239600-t36_1-p1),115.2
3264,FADRx2,PADL01_0922200-t36_1-p1,48.15
3285,FALDtpp,spontaneous,0.0
3286,FALGTHLs,spontaneous,0.0
3439,FAS100,PADL01_1469500-t36_1-p1,191.25
3442,FAS100COA,PADL01_1469500-t36_1-p1,191.25
3443,FAS120,PADL01_1469500-t36_1-p1,191.25
3446,FAS120COA,PADL01_1469500-t36_1-p1,191.25
3447,FAS140,PADL01_1469500-t36_1-p1,191.25
3450,FAS140COA,PADL01_1469500-t36_1-p1,191.25
3451,FAS141,PADL01_0919000-t36_1-p1,63.5
3453,FAS160,PADL01_1469500-t36_1-p1,191.25
3456,FAS160COA,PADL01_1469500-t36_1-p1,191.25
3457,FAS161,PADL01_0919000-t36_1-p1,63.5
3459,FAS180,PADL01_1469500-t36_1-p1,191.25
3462,FAS180COA,PADL01_1469500-t36_1-p1,191.25
3463,FAS181,PADL01_0919000-t36_1-p1,63.5
3467,FAS240_L,((PADL01_0106800-t36_1-p1 and PADL01_0106800-t36_1-p1 and PADL01_1134100-t36_1-p1) or PADL01_0106800-t36_1-p1),78.83333333333333
3468,FAS260,((PADL01_0106800-t36_1-p1 and PADL01_0106800-t36_1-p1 and PADL01_1134100-t36_1-p1) or PADL01_0106800-t36_1-p1),78.83333333333333
3472,FAS80COA_L,PADL01_1469500-t36_1-p1,191.25
3473,FAS80_L,PADL01_1469500-t36_1-p1,191.25
3474,FASC120ACP,PADL01_0921900-t36_1-p1,46.519999999999996
3475,FASC140ACP,PADL01_0921900-t36_1-p1,46.519999999999996
3476,FASC141ACP,PADL01_0921900-t36_1-p1,46.519999999999996
3477,FASC160ACP,PADL01_0921900-t36_1-p1,46.519999999999996
3478,FASC161ACP,PADL01_0921900-t36_1-p1,46.519999999999996
3479,FASC180ACP,PADL01_0921900-t36_1-p1,46.519999999999996
3480,FASC181ACP,PADL01_0921900-t36_1-p1,46.519999999999996
3481,FASC182ACP,PADL01_0921900-t36_1-p1,46.519999999999996
3482,FASC200ACP,PADL01_0921900-t36_1-p1,46.519999999999996
3483,FASC201ACP,PADL01_0921900-t36_1-p1,46.519999999999996
3484,FASC220ACP,PADL01_0921900-t36_1-p1,46.519999999999996
3485,FASC221ACP,PADL01_0921900-t36_1-p1,46.519999999999996
3486,FASC240ACP,PADL01_0921900-t36_1-p1,46.519999999999996
3520,FBA3hi,PADL01_1444800-t36_1-p1,330.9
3523,FBAf,PADL01_1444800-t36_1-p1,302.0
3524,FBAh,PADL01_1444800-t36_1-p1,330.9
3525,FBAm,PADL01_1444800-t36_1-p1,349.4
3532,FCLT,PADL01_1363800-t36_1-p1,226.9
3563,FE2GTPabc,PADL01_1217800-t36_1-p1,72.0
3564,FE2Gabcpp,PADL01_0720400-t36_1-p1,46.2
3566,FE2abc,(PADL01_0611200-t36_1-p1 or PADL01_1339000-t36_1-p1 or PADL01_1357900-t36_1-p1),57.0
3579,FE3Gabcpp,PADL01_0720400-t36_1-p1,46.2
3581,FE3HOXexs,spontaneous,0.0
3585,FE3abc,(PADL01_0109800-t36_1-p1 or PADL01_1229700-t36_1-p1 or PADL01_1339000-t36_1-p1 or PADL01_1367100-t36_1-p1),37.35
3586,FE3abch,PADL01_0521700-t36_1-p1,87.8
3591,FECOSTESTH_SC,PADL01_1124900-t36_1-p1,59.7
3593,FECOSTt,PADL01_1426300-t36_1-p1,102.1
3595,FECRMexs,spontaneous,0.0
3597,FEDCabc,PADL01_1367100-t36_1-p1,14.780000000000001
3601,FEENTER2tpp,PADL01_1434000-t36_1-p1,51.6
3606,FEENTERexs,spontaneous,0.0
3614,FEOXAMexs,spontaneous,0.0
3639,FERRICHabc,PADL01_0318600-t36_1-p1,14.825
3642,FESD1s,spontaneous,0.0
3643,FESD2s,spontaneous,0.0
3656,FLDR,PADL01_1247600-t36_1-p1,36.2
3659,FLVR,PADL01_0922200-t36_1-p1,51.4
3662,FMETDF,PADL01_0907100-t36_1-p1,103.6
3663,FMETTRS,PADL01_1312100-t36_1-p1,62.8
3670,FMNRx2,PADL01_0922200-t36_1-p1,51.4
3672,FNOR,(PADL01_0621300-t36_1-p1 and PADL01_1317000-t36_1-p1),62.0
3673,FNORh,(PADL01_0621300-t36_1-p1 and PADL01_1317000-t36_1-p1),102.85
3675,FOLD3,PADL01_0809900-t36_1-p1,124.4
3679,FOLR2_1,PADL01_0416400-t36_1-p1,389.0
3682,FOMETRi,PADL01_1364400-t36_1-p1,119.0
3684,FORAMD,PADL01_0415300-t36_1-p1,109.4
3690,FORt2pp,PADL01_0315500-t36_1-p1,75.1
3693,FORthi,PADL01_0315500-t36_1-p1,94.0
3695,FORtppi,PADL01_0315500-t36_1-p1,75.1
3699,FPGPL,PADL01_1444800-t36_1-p1,330.9
3717,FPGS_tm,PADL01_1323700-t36_1-p1,144.1
3719,FPPSh,PADL01_1126700-t36_1-p1,195.3
3728,FRDO2r,PADL01_1137900-t36_1-p1,136.3
3729,FRDO3r,PADL01_1137900-t36_1-p1,136.3
3750,FRUt2,PADL01_0203500-t36_1-p1,138.7
3759,FTHFD,PADL01_1312100-t36_1-p1,56.6
3774,FUM,PADL01_0926300-t36_1-p1,520.0
3780,FUMm,PADL01_0926300-t36_1-p1,530.0
3838,G12MT1,PADL01_1211300-t36_1-p1,136.3
3841,G12MT2,PADL01_1211300-t36_1-p1,136.3
3844,G12MT3,PADL01_1211300-t36_1-p1,136.3
3845,G12MT4,PADL01_1211300-t36_1-p1,136.3
3846,G13MT,PADL01_1211300-t36_1-p1,136.3
3892,G16MT,PADL01_1211300-t36_1-p1,136.3
3895,G1Dx,PADL01_0624200-t36_1-p1,50.4
3896,G1PACT,PADL01_1420600-t36_1-p1,108.2
3909,G3PAT120,PADL01_0207200-t36_1-p1,38.7
3910,G3PAT140,PADL01_0207200-t36_1-p1,38.7
3911,G3PAT141,PADL01_0207200-t36_1-p1,38.7
3912,G3PAT160,PADL01_0207200-t36_1-p1,38.7
3914,G3PAT160h,PADL01_1317100-t36_1-p1,69.7
3915,G3PAT161,PADL01_0207200-t36_1-p1,38.7
3916,G3PAT180,PADL01_0207200-t36_1-p1,38.7
3918,G3PAT180h,PADL01_1317100-t36_1-p1,69.7
3919,G3PAT181,PADL01_0207200-t36_1-p1,38.7
3921,G3PAT1819Zh,PADL01_1317100-t36_1-p1,69.7
3924,G3PAT181h,PADL01_1317100-t36_1-p1,69.7
3934,G3PD,PADL01_0305200-t36_1-p1,283.9
3935,G3PD1,(PADL01_0305200-t36_1-p1 or PADL01_1112900-t36_1-p1 or PADL01_1216700-t36_1-p1),225.3
3936,G3PD1ir,PADL01_1112900-t36_1-p1,277.7
3937,G3PD1irm,PADL01_1216700-t36_1-p1,264.2
3938,G3PD2,(PADL01_1112900-t36_1-p1 or PADL01_1216700-t36_1-p1),119.0
3941,G3PD4,PADL01_0305200-t36_1-p1,227.6
3942,G3PD5,PADL01_0305200-t36_1-p1,231.5
3943,G3PD6,PADL01_0305200-t36_1-p1,231.5
3944,G3PD7,PADL01_0305200-t36_1-p1,231.5
3945,G3PDm,PADL01_0305200-t36_1-p1,345.9
3954,G3PO,PADL01_0305200-t36_1-p1,209.5
3960,G5SADrm,spontaneous,0.0
3961,G5SADs,spontaneous,0.0
3965,G6PADH,PADL01_1453800-t36_1-p1,220.3
3968,G6PBDH,PADL01_1453800-t36_1-p1,220.3
3975,G6PDH2r,PADL01_1453800-t36_1-p1,303.9
3978,G6PI2,PADL01_1436000-t36_1-p1,501.5
3980,G6PI_1,PADL01_1436000-t36_1-p1,501.5
3981,G6PIh,PADL01_1436000-t36_1-p1,501.5
4087,GALUi,PADL01_1420600-t36_1-p1,115.2
4089,GALabcpp,PADL01_1434000-t36_1-p1,12.6
4092,GALt2,PADL01_0205000-t36_1-p1,53.5
4094,GALt2pp,PADL01_0203500-t36_1-p1,120.6
4114,GAPD,PADL01_1462800-t36_1-p1,438.3
4125,GAT1_SC,PADL01_1213000-t36_1-p1,180.3
4126,GAT2_SC,PADL01_1213000-t36_1-p1,180.3
4141,GCC2am,(PADL01_1131200-t36_1-p1 and PADL01_1232900-t36_1-p1 and PADL01_1364400-t36_1-p1),146.275
4142,GCC2bim,(PADL01_1131200-t36_1-p1 and PADL01_1232900-t36_1-p1 and PADL01_1364400-t36_1-p1),146.275
4143,GCC2cm,((PADL01_0819900-t36_1-p1 and PADL01_1232900-t36_1-p1 and PADL01_1319700-t36_1-p1) or (PADL01_1131200-t36_1-p1 and PADL01_1232900-t36_1-p1 and PADL01_1364400-t36_1-p1) or PADL01_1232900-t36_1-p1),470.2
4144,GCCa,PADL01_1131200-t36_1-p1,18.3
4145,GCCam,(PADL01_1131200-t36_1-p1 and PADL01_1232900-t36_1-p1 and PADL01_1364400-t36_1-p1),146.275
4146,GCCb,((PADL01_1131200-t36_1-p1 and PADL01_1364400-t36_1-p1) or PADL01_1343100-t36_1-p1 or PADL01_1364400-t36_1-p1),137.9
4147,GCCbim,(PADL01_1131200-t36_1-p1 and PADL01_1232900-t36_1-p1 and PADL01_1364400-t36_1-p1),146.275
4148,GCCc,(PADL01_1131200-t36_1-p1 or PADL01_1232900-t36_1-p1),281.6
4149,GCCcm,((PADL01_1131200-t36_1-p1 and PADL01_1232900-t36_1-p1 and PADL01_1364400-t36_1-p1) or PADL01_1232900-t36_1-p1),311.2
4154,GCLDH,PADL01_1215100-t36_1-p1,71.45
4157,GCPN,(PADL01_1320400-t36_1-p1 or PADL01_1320500-t36_1-p1),124.0
4158,GCPNn,(PADL01_1320400-t36_1-p1 or PADL01_1320500-t36_1-p1),124.0
4182,GF6PTA,PADL01_1023600-t36_1-p1,350.5
4184,GFUCS,PADL01_1012400-t36_1-p1,139.0
4223,GHMT2r,PADL01_1236200-t36_1-p1,401.7
4224,GHMT2rm,PADL01_1236200-t36_1-p1,380.2
4227,GK1,PADL01_0927900-t36_1-p1,139.4
4228,GK2,PADL01_0927900-t36_1-p1,139.4
4277,GLCNACPT,PADL01_0320100-t36_1-p1,232.6
4281,GLCNACT,PADL01_0210400-t36_1-p1,79.3
4293,GLCOAS,PADL01_1106700-t36_1-p1,302.0
4322,GLCt1,PADL01_0203500-t36_1-p1,138.7
4325,GLCt2pp,PADL01_0203500-t36_1-p1,120.6
4334,GLMS_syn,PADL01_1435300-t36_1-p1,806.2
4339,GLNS,PADL01_0921600-t36_1-p1,254.2
4345,GLNTRAT,((PADL01_0415300-t36_1-p1 and PADL01_0627000-t36_1-p1) or PADL01_0415300-t36_1-p1),82.7
4346,GLNTRS,((PADL01_0415300-t36_1-p1 and PADL01_0627000-t36_1-p1) or PADL01_1330700-t36_1-p1 or PADL01_1348300-t36_1-p1),571.6
4347,GLNabc,PADL01_0318600-t36_1-p1,13.775
4360,GLPT,PADL01_1412500-t36_1-p1,313.9
4376,GLUCYS,PADL01_0917900-t36_1-p1,184.9
4378,GLUDxi,(PADL01_0801400-t36_1-p1 or PADL01_1416200-t36_1-p1),467.6
4379,GLUDy,(PADL01_1416200-t36_1-p1 or PADL01_1430700-t36_1-p1),517.7
4382,GLUK,PADL01_0622100-t36_1-p1,170.6
4383,GLUKA,PADL01_0622100-t36_1-p1,137.9
4384,GLUKAh,PADL01_0622100-t36_1-p1,137.9
4385,GLUKBh,PADL01_0622100-t36_1-p1,137.9
4386,GLUK_syn,PADL01_0622100-t36_1-p1,137.9
4387,GLUN,PADL01_0921400-t36_1-p1,141.4
4395,GLUS,PADL01_1435300-t36_1-p1,1266.1
4397,GLUS_ferr,PADL01_1317000-t36_1-p1,52.55
4398,GLUS_nadph,PADL01_1435300-t36_1-p1,1266.1
4399,GLUSx,PADL01_1435300-t36_1-p1,1167.5
4400,GLUSy,((PADL01_1137900-t36_1-p1 and PADL01_1435300-t36_1-p1) or PADL01_1435300-t36_1-p1),509.6
4406,GLUTRS,(PADL01_1348300-t36_1-p1 or PADL01_1356200-t36_1-p1),480.7
4407,GLUTRS_Gln,PADL01_1356200-t36_1-p1,279.3
4419,GLUt7m,PADL01_0908000-t36_1-p1,59.7
4431,GLYALDtpp,PADL01_1131100-t36_1-p1,122.1
4434,GLYAT,PADL01_1246300-t36_1-p1,197.2
4459,GLYCL,((PADL01_0815100-t36_1-p1 and PADL01_1364400-t36_1-p1) or (PADL01_1131200-t36_1-p1 and PADL01_1232900-t36_1-p1 and PADL01_1343100-t36_1-p1) or (PADL01_1131200-t36_1-p1 and PADL01_1364400-t36_1-p1) or (PADL01_1232900-t36_1-p1 and PADL01_1364400-t36_1-p1) or PADL01_0815100-t36_1-p1 or PADL01_1131200-t36_1-p1 or PADL01_1232900-t36_1-p1 or PADL01_1364400-t36_1-p1),104.275
4466,GLYCL_2,(PADL01_1343100-t36_1-p1 or PADL01_1364400-t36_1-p1),119.0
4467,GLYCLm,(PADL01_1131200-t36_1-p1 and PADL01_1232900-t36_1-p1 and PADL01_1364400-t36_1-p1),146.275
4478,GLYCtpp,(PADL01_1131100-t36_1-p1 or spontaneous),122.1
4481,GLYK,PADL01_1350700-t36_1-p1,368.6
4486,GLYOX,(PADL01_0405900-t36_1-p1 or PADL01_1206100-t36_1-p1),157.1
4488,GLYOX_2,PADL01_1206100-t36_1-p1,89.7
4493,GLYTLm,PADL01_1420100-t36_1-p1,469.5
4494,GLYTRS,PADL01_1420100-t36_1-p1,505.8
4510,GM1LIPAabcpp,PADL01_0522000-t36_1-p1,174.5
4512,GM2LIPAabcpp,PADL01_0522000-t36_1-p1,174.5
4514,GMAND,PADL01_0813000-t36_1-p1,389.4
4515,GMHEPAT,PADL01_1346800-t36_1-p1,68.9
4516,GMHEPK,PADL01_1346800-t36_1-p1,68.9
4518,GMP5N,PADL01_1458000-t36_1-p1,85.9
4521,GMPS2,PADL01_1011000-t36_1-p1,454.1
4525,GMT1,PADL01_1139800-t36_1-p1,103.6
4526,GMT2,PADL01_1139800-t36_1-p1,103.6
4527,GND,PADL01_1454700-t36_1-p1,484.6
4534,GP4GH,PADL01_0802200-t36_1-p1,44.7
4548,GPDDA1,PADL01_1405900-t36_1-p1,48.9
4550,GPDDA2,PADL01_1405900-t36_1-p1,48.9
4569,GRTT,PADL01_1126700-t36_1-p1,216.1
4572,GRXR,(PADL01_0305100-t36_1-p1 or PADL01_0708100-t36_1-p1),66.2
4590,GTHOm,PADL01_0303300-t36_1-p1,42.55
4591,GTHOr,(PADL01_0605000-t36_1-p1 or PADL01_0922800-t36_1-p1 or PADL01_1419500-t36_1-p1),329.7
4594,GTHPi,((PADL01_1212400-t36_1-p1 and PADL01_1212400-t36_1-p1) or PADL01_1212400-t36_1-p1),105.9
4595,GTHPm,PADL01_0303300-t36_1-p1,85.1
4600,GTHRDabcv,PADL01_0109800-t36_1-p1,96.3
4603,GTHS,PADL01_0511100-t36_1-p1,89.0
4604,GTHS_1,PADL01_0511100-t36_1-p1,102.4
4607,GTPCI,PADL01_1224600-t36_1-p1,123.6
4611,GTPCI_1,PADL01_1224600-t36_1-p1,121.7
4618,GTPH1,PADL01_1431800-t36_1-p1,79.0
4619,GTPHs,spontaneous,0.0
4620,GTPOPm,PADL01_0625000-t36_1-p1,465.7
4623,GUAC,(PADL01_1136600-t36_1-p1 or PADL01_1359500-t36_1-p1),99.0
4625,GUACn,(PADL01_1136600-t36_1-p1 or PADL01_1359500-t36_1-p1),99.0
4628,GUAPRT,PADL01_1010800-t36_1-p1,103.2
4653,H2Ot,spontaneous,0.0
4655,H2Otex,spontaneous,0.0
4659,H2Otm,spontaneous,0.0
4661,H2Otpp,spontaneous,0.0
4663,H2St1pp,spontaneous,0.0
4666,H2tpp,spontaneous,0.0
4755,HBZOPT,PADL01_0605600-t36_1-p1,71.6
4757,HBZOPT6,(PADL01_0600600-t36_1-p1 or PADL01_0825600-t36_1-p1),110.9
4758,HBZOPT6m,PADL01_0605600-t36_1-p1,94.0
4759,HBZOPT6m_1,(PADL01_0201500-t36_1-p1 or PADL01_0518300-t36_1-p1 or PADL01_0605600-t36_1-p1),121.7
4766,HCO3E,spontaneous,0.0
4787,HDS,PADL01_1021300-t36_1-p1,510.0
4790,HEMEASm,PADL01_1435000-t36_1-p1,213.4
4791,HEMELh,PADL01_1225200-t36_1-p1,132.1
4792,HEMELm,PADL01_1225200-t36_1-p1,132.1
4793,HEMEOMOm,(PADL01_1137900-t36_1-p1 and PADL01_1215100-t36_1-p1 and PADL01_1435000-t36_1-p1),160.6
4794,HEMEOS,PADL01_0518300-t36_1-p1,77.4
4796,HEMEOSm,PADL01_0518300-t36_1-p1,110.5
4797,HEMEOSm_1,PADL01_0518300-t36_1-p1,133.7
4810,HETZK,(PADL01_0612300-t36_1-p1 or PADL01_1240400-t36_1-p1),154.5
4811,HEX1,PADL01_0622100-t36_1-p1,183.3
4813,HEX4,PADL01_0622100-t36_1-p1,183.3
4814,HEX7,PADL01_0622100-t36_1-p1,183.3
4819,HEXTT,PADL01_0201500-t36_1-p1,54.1
4843,HISTRS,(PADL01_0933200-t36_1-p1 or PADL01_1445100-t36_1-p1),275.4
4844,HISTRSm,PADL01_1445100-t36_1-p1,275.4
4864,HMBS,PADL01_1210000-t36_1-p1,156.4
4876,HMPK1,PADL01_0519500-t36_1-p1,115.5
4877,HMPK2,PADL01_0519500-t36_1-p1,115.5
4878,HMPK3,PADL01_0519500-t36_1-p1,115.5
4879,HMPK4,PADL01_0519500-t36_1-p1,115.5
4976,HXPRT,PADL01_1010800-t36_1-p1,104.0
4986,HYDAh,PADL01_1317000-t36_1-p1,52.55
4987,HYDAm,PADL01_1215100-t36_1-p1,71.45
4991,HYPOE,PADL01_0713000-t36_1-p1,244.6
4997,I2FE2SR,((PADL01_0724900-t36_1-p1 and PADL01_1454500-t36_1-p1) or PADL01_0724900-t36_1-p1 or PADL01_1454500-t36_1-p1),279.25
4998,I2FE2SS,((PADL01_0724900-t36_1-p1 and PADL01_1454500-t36_1-p1) or PADL01_0724900-t36_1-p1 or PADL01_1454500-t36_1-p1),186.16666666666666
4999,I2FE2SS2,((PADL01_0724900-t36_1-p1 and PADL01_1454500-t36_1-p1) or PADL01_0724900-t36_1-p1 or PADL01_1454500-t36_1-p1),186.16666666666666
5000,I2FE2ST,PADL01_1454500-t36_1-p1,79.9
5001,I4FE4SR,PADL01_1454500-t36_1-p1,159.8
5002,I4FE4ST,PADL01_1454500-t36_1-p1,79.9
5010,ICDHym,PADL01_1344800-t36_1-p1,468.4
5011,ICDHyp,PADL01_1344800-t36_1-p1,458.8
5012,ICDHyr,PADL01_1344800-t36_1-p1,532.3
5022,ICYSDS,PADL01_0724900-t36_1-p1,398.7
5038,IDPA,PADL01_1431800-t36_1-p1,68.2
5039,IDPh,(PADL01_0315200-t36_1-p1 or PADL01_1456800-t36_1-p1),483.8
5040,IDPm,(PADL01_0315200-t36_1-p1 or PADL01_1456800-t36_1-p1),483.8
5054,ILETA,PADL01_1458400-t36_1-p1,76.6
5056,ILETRS,(PADL01_1225700-t36_1-p1 or PADL01_1331900-t36_1-p1),923.7
5057,ILETRSm,PADL01_1225700-t36_1-p1,73.9
5075,IMPD,PADL01_0919800-t36_1-p1,422.5
5076,IMPDm,PADL01_0919800-t36_1-p1,399.1
5126,IPDPS,PADL01_0102000-t36_1-p1,231.9
5130,IPMD,PADL01_1344800-t36_1-p1,53.1
5140,ITCOALm,PADL01_1431600-t36_1-p1,178.35
5144,ITKK,PADL01_1315000-t36_1-p1,60.5
5152,K2L4Aabcpp,(PADL01_0522000-t36_1-p1 or PADL01_1143700-t36_1-p1 or PADL01_1351200-t36_1-p1 or PADL01_1447900-t36_1-p1),216.1
5162,KAS1,((PADL01_0210200-t36_1-p1 and PADL01_0624400-t36_1-p1 and PADL01_0921900-t36_1-p1 and PADL01_1310900-t36_1-p1) or (PADL01_0210200-t36_1-p1 and PADL01_0624400-t36_1-p1) or (PADL01_0624400-t36_1-p1 and PADL01_0921900-t36_1-p1 and PADL01_1310900-t36_1-p1 and PADL01_1321900-t36_1-p1)),278.7
5163,KAS10,((PADL01_0210200-t36_1-p1 and PADL01_0624400-t36_1-p1 and PADL01_0921900-t36_1-p1 and PADL01_1310900-t36_1-p1) or (PADL01_0210200-t36_1-p1 and PADL01_0624400-t36_1-p1) or (PADL01_0624400-t36_1-p1 and PADL01_0921900-t36_1-p1 and PADL01_1310900-t36_1-p1 and PADL01_1321900-t36_1-p1)),278.7
5164,KAS11,((PADL01_0210200-t36_1-p1 and PADL01_0624400-t36_1-p1 and PADL01_0921900-t36_1-p1 and PADL01_1310900-t36_1-p1) or (PADL01_0210200-t36_1-p1 and PADL01_0624400-t36_1-p1) or (PADL01_0624400-t36_1-p1 and PADL01_0921900-t36_1-p1 and PADL01_1310900-t36_1-p1 and PADL01_1321900-t36_1-p1)),278.7
5165,KAS12,((PADL01_0210200-t36_1-p1 and PADL01_0624400-t36_1-p1) or (PADL01_0624400-t36_1-p1 and PADL01_0921900-t36_1-p1 and PADL01_1310900-t36_1-p1 and PADL01_1321900-t36_1-p1) or (PADL01_0624400-t36_1-p1 and PADL01_0921900-t36_1-p1 and PADL01_1310900-t36_1-p1)),278.7
5166,KAS13,((PADL01_0210200-t36_1-p1 and PADL01_0624400-t36_1-p1 and PADL01_0921900-t36_1-p1 and PADL01_1310900-t36_1-p1) or (PADL01_0210200-t36_1-p1 and PADL01_0624400-t36_1-p1) or (PADL01_0624400-t36_1-p1 and PADL01_0921900-t36_1-p1 and PADL01_1310900-t36_1-p1 and PADL01_1321900-t36_1-p1)),278.7
5167,KAS14,((PADL01_0210200-t36_1-p1 and PADL01_0624400-t36_1-p1) or PADL01_0210200-t36_1-p1 or PADL01_0624400-t36_1-p1),387.5
5168,KAS14_1,PADL01_0210200-t36_1-p1,124.4
5169,KAS15,((PADL01_0210200-t36_1-p1 and PADL01_0624400-t36_1-p1) or PADL01_0210200-t36_1-p1 or PADL01_0624400-t36_1-p1),387.5
5170,KAS16,((PADL01_0210200-t36_1-p1 and PADL01_0624400-t36_1-p1 and PADL01_0921900-t36_1-p1) or (PADL01_0210200-t36_1-p1 and PADL01_0624400-t36_1-p1)),263.46666666666664
5171,KAS17,((PADL01_0210200-t36_1-p1 and PADL01_0624400-t36_1-p1 and PADL01_0921900-t36_1-p1 and PADL01_1310900-t36_1-p1) or (PADL01_0210200-t36_1-p1 and PADL01_0624400-t36_1-p1) or (PADL01_0624400-t36_1-p1 and PADL01_0921900-t36_1-p1 and PADL01_1310900-t36_1-p1 and PADL01_1321900-t36_1-p1)),278.7
5172,KAS19SA,(PADL01_0210200-t36_1-p1 and PADL01_0624400-t36_1-p1),278.7
5173,KAS2,((PADL01_0210200-t36_1-p1 and PADL01_0624400-t36_1-p1 and PADL01_0921900-t36_1-p1 and PADL01_1310900-t36_1-p1) or (PADL01_0210200-t36_1-p1 and PADL01_0624400-t36_1-p1) or (PADL01_0624400-t36_1-p1 and PADL01_0921900-t36_1-p1 and PADL01_1310900-t36_1-p1 and PADL01_1321900-t36_1-p1)),278.7
5174,KAS20SA,(PADL01_0210200-t36_1-p1 and PADL01_0624400-t36_1-p1),278.7
5175,KAS3,((PADL01_0210200-t36_1-p1 and PADL01_0624400-t36_1-p1 and PADL01_0921900-t36_1-p1 and PADL01_1310900-t36_1-p1) or (PADL01_0210200-t36_1-p1 and PADL01_0624400-t36_1-p1) or (PADL01_0624400-t36_1-p1 and PADL01_0921900-t36_1-p1 and PADL01_1310900-t36_1-p1 and PADL01_1321900-t36_1-p1)),278.7
5176,KAS4,((PADL01_0210200-t36_1-p1 and PADL01_0624400-t36_1-p1 and PADL01_0921900-t36_1-p1 and PADL01_1310900-t36_1-p1) or (PADL01_0210200-t36_1-p1 and PADL01_0624400-t36_1-p1) or (PADL01_0624400-t36_1-p1 and PADL01_0921900-t36_1-p1 and PADL01_1310900-t36_1-p1 and PADL01_1321900-t36_1-p1)),278.7
5177,KAS5,((PADL01_0210200-t36_1-p1 and PADL01_0624400-t36_1-p1 and PADL01_0921900-t36_1-p1 and PADL01_1310900-t36_1-p1) or (PADL01_0210200-t36_1-p1 and PADL01_0624400-t36_1-p1) or (PADL01_0624400-t36_1-p1 and PADL01_0921900-t36_1-p1 and PADL01_1310900-t36_1-p1 and PADL01_1321900-t36_1-p1)),278.7
5178,KAS6,((PADL01_0210200-t36_1-p1 and PADL01_0624400-t36_1-p1 and PADL01_0921900-t36_1-p1 and PADL01_1310900-t36_1-p1) or (PADL01_0210200-t36_1-p1 and PADL01_0624400-t36_1-p1) or (PADL01_0624400-t36_1-p1 and PADL01_0921900-t36_1-p1 and PADL01_1310900-t36_1-p1 and PADL01_1321900-t36_1-p1)),278.7
5179,KAS7,((PADL01_0210200-t36_1-p1 and PADL01_0624400-t36_1-p1 and PADL01_0921900-t36_1-p1 and PADL01_1310900-t36_1-p1) or (PADL01_0210200-t36_1-p1 and PADL01_0624400-t36_1-p1) or (PADL01_0624400-t36_1-p1 and PADL01_0921900-t36_1-p1 and PADL01_1310900-t36_1-p1 and PADL01_1321900-t36_1-p1)),278.7
5180,KAS8,((PADL01_0210200-t36_1-p1 and PADL01_0624400-t36_1-p1) or (PADL01_0624400-t36_1-p1 and PADL01_0921900-t36_1-p1 and PADL01_1310900-t36_1-p1 and PADL01_1321900-t36_1-p1) or (PADL01_0624400-t36_1-p1 and PADL01_0921900-t36_1-p1 and PADL01_1310900-t36_1-p1)),278.7
5181,KAS9,((PADL01_0210200-t36_1-p1 and PADL01_0624400-t36_1-p1 and PADL01_0921900-t36_1-p1 and PADL01_1310900-t36_1-p1) or (PADL01_0210200-t36_1-p1 and PADL01_0624400-t36_1-p1) or (PADL01_0624400-t36_1-p1 and PADL01_0921900-t36_1-p1 and PADL01_1310900-t36_1-p1 and PADL01_1321900-t36_1-p1)),278.7
5182,KAS_HP,PADL01_0921900-t36_1-p1,46.519999999999996
5183,KAS_HP2,(PADL01_0613400-t36_1-p1 or PADL01_0921900-t36_1-p1),46.519999999999996
5202,KYNATESYN,spontaneous,0.0
5203,KYNATESYNm,spontaneous,0.0
5206,Kt1,PADL01_1227800-t36_1-p1,66.2
5277,LANOSTESTH_SC,PADL01_1124900-t36_1-p1,59.7
5279,LANOSTt,PADL01_1426300-t36_1-p1,102.1
5303,LCYSTATm,PADL01_0203300-t36_1-p1,192.2
5310,LDH2,PADL01_1323800-t36_1-p1,174.1
5314,LDH_L,PADL01_1323800-t36_1-p1,176.4
5319,LEUTA,PADL01_1458400-t36_1-p1,76.6
5320,LEUTAi,PADL01_0203300-t36_1-p1,191.8
5322,LEUTRS,(PADL01_0620900-t36_1-p1 or PADL01_0827400-t36_1-p1),471.1
5323,LEUTRSm,PADL01_0827400-t36_1-p1,101.3
5340,LGTHL,PADL01_1111900-t36_1-p1,204.9
5345,LIPACabcpp,(PADL01_0522000-t36_1-p1 or PADL01_1143700-t36_1-p1 or PADL01_1351200-t36_1-p1 or PADL01_1447900-t36_1-p1),216.1
5348,LIPAMPL,PADL01_1313500-t36_1-p1,174.1
5349,LIPATPT,PADL01_1313500-t36_1-p1,174.1
5350,LIPAabcpp,(PADL01_0522000-t36_1-p1 or PADL01_1143700-t36_1-p1 or PADL01_1351200-t36_1-p1 or PADL01_1447900-t36_1-p1),216.1
5353,LIPOCT,PADL01_0822800-t36_1-p1,62.0
5354,LIPOS,PADL01_1343700-t36_1-p1,261.9
5357,LLDH_ferr_m,(PADL01_1403700-t36_1-p1 or PADL01_1462700-t36_1-p1),129.6
5379,LNS14DM,PADL01_0922200-t36_1-p1,49.3
5397,LPD5,PADL01_1232900-t36_1-p1,140.8
5461,LPLPS1AGPE180,PADL01_1357000-t36_1-p1,65.5
5462,LPLPS1AGPE18111Z,PADL01_1357000-t36_1-p1,65.5
5463,LPLPS1AGPE1819Z,PADL01_1357000-t36_1-p1,65.5
5464,LPLPS1AGPE1829Z12Z,PADL01_1357000-t36_1-p1,65.5
5508,LSERDHr,PADL01_0624200-t36_1-p1,73.9
5516,LUMIRHODOPSINI,PADL01_1359500-t36_1-p1,98.6
5518,LYSDC,PADL01_0405300-t36_1-p1,132.9
5524,LYSTRS,(PADL01_1349200-t36_1-p1 or PADL01_1416500-t36_1-p1),502.7
5525,LYSTRSm,PADL01_1349200-t36_1-p1,580.5
5542,L_LACD2cm,(PADL01_0917100-t36_1-p1 and PADL01_1403700-t36_1-p1),97.85
5545,L_LACDm,PADL01_0917100-t36_1-p1,62.8
5593,MACCOAT,PADL01_1450900-t36_1-p1,165.2
5595,MACPD,PADL01_0624400-t36_1-p1,387.5
5608,MALICITtm,PADL01_0823100-t36_1-p1,253.1
5609,MALOAAtm,PADL01_0823100-t36_1-p1,253.1
5651,MAN1PT,PADL01_1420600-t36_1-p1,240.0
5652,MAN1PT2,PADL01_1420600-t36_1-p1,164.5
5655,MAN6PI,PADL01_1420600-t36_1-p1,147.5
5674,MANt2,PADL01_0203500-t36_1-p1,138.7
5679,MATm,PADL01_0921200-t36_1-p1,439.1
5682,MCBTS,PADL01_0018300-t36_1-p1,8.585714285714285
5683,MCBTS2,PADL01_0018300-t36_1-p1,8.585714285714285
5684,MCBTS3,PADL01_0018300-t36_1-p1,8.585714285714285
5695,MCITS,(PADL01_0607400-t36_1-p1 or PADL01_1021000-t36_1-p1),308.1
5696,MCITSm,PADL01_1021000-t36_1-p1,288.9
5697,MCLORi,PADL01_1323800-t36_1-p1,173.7
5699,MCOATA,((PADL01_0207200-t36_1-p1 and PADL01_1310900-t36_1-p1) or PADL01_0207200-t36_1-p1 or PADL01_1310900-t36_1-p1),138.7
5700,MCOATA_1,PADL01_1310900-t36_1-p1,74.9
5704,MCS,PADL01_0208000-t36_1-p1,124.0
5728,MDH,(PADL01_0616500-t36_1-p1 or PADL01_1323800-t36_1-p1),252.7
5731,MDH4,PADL01_0615100-t36_1-p1,356.3
5737,MDHi2,PADL01_0616500-t36_1-p1,235.0
5740,MDHy,PADL01_0616500-t36_1-p1,235.0
5747,MECDPDH2,PADL01_1021300-t36_1-p1,169.5
5749,MECDPDH5,PADL01_1021300-t36_1-p1,84.75
5750,MECDPDH_syn,PADL01_1021300-t36_1-p1,235.7
5751,MECDPS,PADL01_0208000-t36_1-p1,97.8
5765,MEOHtrpp,spontaneous,0.0
5768,METARHODOPSINH,PADL01_1359500-t36_1-p1,98.6
5769,METAT,PADL01_0921200-t36_1-p1,441.4
5771,METDabc,PADL01_1229700-t36_1-p1,15.799999999999999
5772,METDabcpp,(PADL01_1229700-t36_1-p1 or PADL01_1434000-t36_1-p1),16.433333333333334
5775,METHFth,PADL01_1114600-t36_1-p1,111.7
5780,METOX1s,spontaneous,0.0
5781,METOX2s,spontaneous,0.0
5786,METSOXR1,PADL01_1457200-t36_1-p1,36.0
5787,METSOXR2,PADL01_1457200-t36_1-p1,36.0
5796,METTRS,(PADL01_1033300-t36_1-p1 or PADL01_1442300-t36_1-p1),369.0
5797,METTRSm,PADL01_1033300-t36_1-p1,252.7
5798,METabc,PADL01_1229700-t36_1-p1,15.799999999999999
5799,METabcpp,(PADL01_1229700-t36_1-p1 or PADL01_1434000-t36_1-p1),16.433333333333334
5815,MG2abc,PADL01_1212300-t36_1-p1,227.3
5821,MG2uabcpp,(PADL01_0103900-t36_1-p1 or PADL01_1212300-t36_1-p1),308.5
5836,MGDGD4DS1819Z1644Z7Z10Z13Z,PADL01_1317000-t36_1-p1,105.1
5837,MGDGD4DS1829Z12Z1634Z7Z10Z,PADL01_1317000-t36_1-p1,105.1
5838,MGDGD4DS1829Z12Z1644Z7Z10Z13Z,PADL01_1317000-t36_1-p1,105.1
5839,MGDGD4DS1839Z12Z15Z1634Z7Z10Z,PADL01_1317000-t36_1-p1,105.1
5840,MGDGD4DS1839Z12Z15Z1644Z7Z10Z13Z,PADL01_1317000-t36_1-p1,105.1
5841,MGDGD7DS1819Z1617Z,((PADL01_0510100-t36_1-p1 and PADL01_1317000-t36_1-p1) or PADL01_0510100-t36_1-p1 or PADL01_1317000-t36_1-p1),106.44999999999999
5842,MGDGD7DS1829Z12Z1617Z,((PADL01_0510100-t36_1-p1 and PADL01_1317000-t36_1-p1) or PADL01_0510100-t36_1-p1 or PADL01_1317000-t36_1-p1),106.44999999999999
5845,MGDGW3DS1819Z1637Z10Z13Z,PADL01_1317000-t36_1-p1,52.55
5846,MGDGW3DS1829Z12Z1637Z10Z13Z,PADL01_1317000-t36_1-p1,52.55
5847,MGDGW3DS1829Z12Z1644Z7Z10Z13Z,PADL01_1317000-t36_1-p1,52.55
5848,MGDGW3DS1839Z12Z15Z160,PADL01_1317000-t36_1-p1,52.55
5849,MGDGW3DS1839Z12Z15Z1627Z10Z,PADL01_1317000-t36_1-p1,52.55
5850,MGDGW3DS1839Z12Z15Z1634Z7Z10Z,PADL01_1317000-t36_1-p1,52.55
5851,MGDGW3DS1839Z12Z15Z1637Z10Z13Z1,PADL01_1317000-t36_1-p1,52.55
5852,MGDGW3DS1839Z12Z15Z1637Z10Z13Z2,PADL01_1317000-t36_1-p1,52.55
5853,MGDGW3DS1839Z12Z15Z1644Z7Z10Z13Z1,PADL01_1317000-t36_1-p1,52.55
5854,MGDGW3DS1839Z12Z15Z1644Z7Z10Z13Z2,PADL01_1317000-t36_1-p1,52.55
5855,MGDGW6DS1819Z1627Z10Z,PADL01_1317000-t36_1-p1,52.55
5856,MGDGW6DS1829Z12Z160,PADL01_1317000-t36_1-p1,52.55
5857,MGDGW6DS1829Z12Z1617Z,PADL01_1317000-t36_1-p1,52.55
5858,MGDGW6DS1829Z12Z1619Z,PADL01_1317000-t36_1-p1,52.55
5859,MGDGW6DS1829Z12Z1627Z10Z1,PADL01_1317000-t36_1-p1,52.55
5860,MGDGW6DS1829Z12Z1627Z10Z2,PADL01_1317000-t36_1-p1,52.55
5861,MGDGW6DS1829Z12Z1637Z10Z13Z,PADL01_1317000-t36_1-p1,52.55
5862,MGDGW6DS1829Z12Z1644Z7Z10Z13Z,PADL01_1317000-t36_1-p1,52.55
5865,MGSA,spontaneous,0.0
5866,MGSA2,spontaneous,0.0
5874,MI1345PKn,PADL01_1315000-t36_1-p1,83.2
5880,MI1456PKn,PADL01_1315000-t36_1-p1,83.2
5881,MI145P6Kn,PADL01_1315000-t36_1-p1,83.2
5883,MI145PKn,PADL01_1315000-t36_1-p1,83.2
5887,MI1PS,PADL01_0510700-t36_1-p1,342.4
5893,MI3PSA,PADL01_0510700-t36_1-p1,350.1
5894,MI3PSB,PADL01_0510700-t36_1-p1,350.1
5998,MNabc,(PADL01_0109800-t36_1-p1 or PADL01_1119800-t36_1-p1 or PADL01_1367100-t36_1-p1),39.65
6000,MNt2,PADL01_0522800-t36_1-p1,117.5
6003,MOADSUx,PADL01_0724900-t36_1-p1,199.35
6010,MOBDabc,PADL01_1367100-t36_1-p1,23.866666666666664
6011,MOBDabcpp,(PADL01_1367100-t36_1-p1 or PADL01_1426300-t36_1-p1),23.366666666666664
6015,MOD,(PADL01_0503400-t36_1-p1 and PADL01_1311500-t36_1-p1),309.7
6016,MOD_2mbdhl,(PADL01_0503400-t36_1-p1 and PADL01_1311500-t36_1-p1),309.7
6017,MOD_2mhop,(PADL01_0503400-t36_1-p1 and PADL01_1311500-t36_1-p1),309.7
6018,MOD_3mhtpp,(PADL01_0503400-t36_1-p1 and PADL01_1311500-t36_1-p1),309.7
6019,MOD_3mop,(PADL01_0503400-t36_1-p1 and PADL01_1311500-t36_1-p1),309.7
6020,MOD_4mop,(PADL01_0503400-t36_1-p1 and PADL01_1311500-t36_1-p1),309.7
6025,MOSDC,spontaneous,0.0
6059,MPTSS,(PADL01_0816200-t36_1-p1 or PADL01_1124400-t36_1-p1 or PADL01_1364300-t36_1-p1),114.4
6067,MTAM,PADL01_1364400-t36_1-p1,107.85
6068,MTAM_nh4,PADL01_1364400-t36_1-p1,107.85
6073,MTHFC,PADL01_0628900-t36_1-p1,46.6
6078,MTHFD,PADL01_0628900-t36_1-p1,46.6
6093,MTHTHFSs,spontaneous,0.0
6097,MTRI,PADL01_0827700-t36_1-p1,66.6
6129,N2Otpp,spontaneous,0.0
6133,NA1ATPasem,((PADL01_0215900-t36_1-p1 and PADL01_1236300-t36_1-p1) or PADL01_1236300-t36_1-p1),631.15
6196,NADH10,PADL01_0914100-t36_1-p1,107.1
6203,NADH2_u6cm,PADL01_0914100-t36_1-p1,225.7
6204,NADH2_u6m,PADL01_0914100-t36_1-p1,213.4
6207,NADH5,PADL01_0914100-t36_1-p1,107.1
6211,NADH9,PADL01_0914100-t36_1-p1,107.1
6214,NADHOR,PADL01_0914100-t36_1-p1,228.8
6230,NADS1,PADL01_0925700-t36_1-p1,141.4
6231,NADS1m,PADL01_0925700-t36_1-p1,141.4
6232,NADS1n,PADL01_0925700-t36_1-p1,141.4
6233,NADS2,PADL01_0925700-t36_1-p1,103.6
6234,NADTRHD,PADL01_1453500-t36_1-p1,196.45
6243,NAMNPP,PADL01_0627300-t36_1-p1,216.1
6244,NAPRT,PADL01_0627300-t36_1-p1,218.0
6273,NDP1,PADL01_1431800-t36_1-p1,79.0
6275,NDP3,PADL01_1431800-t36_1-p1,79.0
6278,NDP7,PADL01_1431800-t36_1-p1,79.0
6283,NDPK1,(PADL01_1007300-t36_1-p1 or PADL01_1365400-t36_1-p1),186.4
6284,NDPK10,PADL01_1365400-t36_1-p1,174.5
6289,NDPK2,(PADL01_1007300-t36_1-p1 or PADL01_1365400-t36_1-p1),186.4
6290,NDPK2m,PADL01_1365400-t36_1-p1,182.2
6292,NDPK3,(PADL01_1007300-t36_1-p1 or PADL01_1365400-t36_1-p1),186.4
6293,NDPK3m,PADL01_1365400-t36_1-p1,182.2
6295,NDPK4,(PADL01_1007300-t36_1-p1 or PADL01_1365400-t36_1-p1),186.4
6296,NDPK4m,PADL01_1365400-t36_1-p1,182.2
6298,NDPK5,(PADL01_1007300-t36_1-p1 or PADL01_1365400-t36_1-p1),186.4
6301,NDPK6,(PADL01_1007300-t36_1-p1 or PADL01_1365400-t36_1-p1),186.4
6302,NDPK6m,PADL01_1365400-t36_1-p1,182.2
6304,NDPK7,(PADL01_1007300-t36_1-p1 or PADL01_1365400-t36_1-p1),186.4
6305,NDPK7m,PADL01_1365400-t36_1-p1,182.2
6307,NDPK8,(PADL01_1007300-t36_1-p1 or PADL01_1365400-t36_1-p1),186.4
6308,NDPK8m,PADL01_1365400-t36_1-p1,182.2
6310,NDPK9,PADL01_1365400-t36_1-p1,186.4
6311,NDPK9m,PADL01_1365400-t36_1-p1,182.2
6316,NFTYROX,PADL01_0922200-t36_1-p1,49.3
6317,NH3c,spontaneous,0.0
6318,NH4t,spontaneous,0.0
6322,NH4tex,spontaneous,0.0
6325,NH4tpp,spontaneous,0.0
6333,NI2uabcpp,(PADL01_0103900-t36_1-p1 or PADL01_1212300-t36_1-p1 or PADL01_1367100-t36_1-p1 or PADL01_1434000-t36_1-p1),175.3
6336,NITR,PADL01_1366400-t36_1-p1,93.2
6343,NMNAT,PADL01_1326500-t36_1-p1,45.4
6356,NNAM,PADL01_0319400-t36_1-p1,65.1
6357,NNAMrm,PADL01_0319400-t36_1-p1,63.2
6360,NNATr,PADL01_1326500-t36_1-p1,45.4
6366,NO2R,PADL01_1317000-t36_1-p1,52.55
6367,NO2t2r,PADL01_0315500-t36_1-p1,92.8
6369,NO2t3,PADL01_0315500-t36_1-p1,92.8
6398,NOVBCNtex,spontaneous,0.0
6402,NOtpp,spontaneous,0.0
6417,NTD1,PADL01_1458000-t36_1-p1,85.9
6418,NTD10,PADL01_1458000-t36_1-p1,85.9
6420,NTD11,(PADL01_1206500-t36_1-p1 or PADL01_1458000-t36_1-p1),166.0
6426,NTD2,PADL01_1458000-t36_1-p1,85.9
6431,NTD3,PADL01_1458000-t36_1-p1,85.9
6434,NTD4,PADL01_1458000-t36_1-p1,85.9
6438,NTD5,PADL01_1458000-t36_1-p1,85.9
6442,NTD6,PADL01_1458000-t36_1-p1,85.9
6445,NTD7,PADL01_1458000-t36_1-p1,85.9
6449,NTD8,PADL01_1458000-t36_1-p1,85.9
6456,NTP1,(PADL01_0617400-t36_1-p1 or PADL01_0818100-t36_1-p1 or PADL01_0830900-t36_1-p1 or PADL01_0916900-t36_1-p1 or PADL01_1132300-t36_1-p1 or PADL01_1431800-t36_1-p1),283.1
6461,NTP3,PADL01_1431800-t36_1-p1,68.2
6465,NTP5,PADL01_1431800-t36_1-p1,68.2
6467,NTP7,PADL01_1431800-t36_1-p1,68.2
6469,NTP9,PADL01_1431800-t36_1-p1,68.2
6470,NTPP1,PADL01_0718800-t36_1-p1,100.9
6472,NTPP11,PADL01_0718800-t36_1-p1,100.9
6473,NTPP2,PADL01_0718800-t36_1-p1,100.9
6479,NTPP8,PADL01_0718800-t36_1-p1,100.9
6480,NTPP9,PADL01_0718800-t36_1-p1,100.9
6485,NTRARz,PADL01_1215500-t36_1-p1,211.8
6486,NTRIR2x,PADL01_0718400-t36_1-p1,43.5
6498,NaKt_1,PADL01_0103900-t36_1-p1,318.5
6512,O2t,spontaneous,0.0
6514,O2tpp,spontaneous,0.0
6519,OAAAKGtm,PADL01_0823100-t36_1-p1,253.1
6520,OAACITtm,PADL01_0823100-t36_1-p1,253.1
6523,OAAICITtm,PADL01_0823100-t36_1-p1,253.1
6553,OBDHc,((PADL01_0302500-t36_1-p1 and PADL01_0503400-t36_1-p1 and PADL01_1122700-t36_1-p1 and PADL01_1232900-t36_1-p1) or (PADL01_0302500-t36_1-p1 and PADL01_0503400-t36_1-p1 and PADL01_1122700-t36_1-p1)),192.4
6575,OCTDPS,PADL01_0201500-t36_1-p1,100.5
6576,OCTNLL,PADL01_1313500-t36_1-p1,174.1
6581,OGMEACPD,PADL01_1321900-t36_1-p1,138.7
6582,OGMEACPR,PADL01_0921900-t36_1-p1,233.0
6583,OGMEACPS,PADL01_0210200-t36_1-p1,194.9
6592,OHPHM,PADL01_0722300-t36_1-p1,57.8
6593,OHPHM6n,PADL01_1415500-t36_1-p1,237.7
6595,OIVD1r,((PADL01_0302500-t36_1-p1 and PADL01_0503400-t36_1-p1 and PADL01_0815100-t36_1-p1) or (PADL01_0302500-t36_1-p1 and PADL01_0503400-t36_1-p1 and PADL01_1122700-t36_1-p1 and PADL01_1232900-t36_1-p1) or (PADL01_0302500-t36_1-p1 and PADL01_0503400-t36_1-p1 and PADL01_1122700-t36_1-p1) or (PADL01_0503400-t36_1-p1 and PADL01_1311500-t36_1-p1) or PADL01_0503400-t36_1-p1),192.4
6596,OIVD2,((PADL01_0302500-t36_1-p1 and PADL01_0503400-t36_1-p1 and PADL01_0815100-t36_1-p1) or (PADL01_0302500-t36_1-p1 and PADL01_0503400-t36_1-p1 and PADL01_1122700-t36_1-p1 and PADL01_1232900-t36_1-p1) or (PADL01_0302500-t36_1-p1 and PADL01_0503400-t36_1-p1 and PADL01_1122700-t36_1-p1) or (PADL01_0503400-t36_1-p1 and PADL01_1311500-t36_1-p1) or PADL01_0503400-t36_1-p1),192.4
6598,OIVD3,((PADL01_0302500-t36_1-p1 and PADL01_0503400-t36_1-p1 and PADL01_0815100-t36_1-p1) or (PADL01_0302500-t36_1-p1 and PADL01_0503400-t36_1-p1 and PADL01_1122700-t36_1-p1 and PADL01_1232900-t36_1-p1) or (PADL01_0302500-t36_1-p1 and PADL01_0503400-t36_1-p1 and PADL01_1122700-t36_1-p1) or (PADL01_0503400-t36_1-p1 and PADL01_1311500-t36_1-p1) or PADL01_0503400-t36_1-p1),192.4
6599,OIVD3m,(PADL01_0503400-t36_1-p1 or PADL01_1311500-t36_1-p1),374.0
6600,OMBZLM,PADL01_0203700-t36_1-p1,156.0
6602,OMCDC,(PADL01_1344800-t36_1-p1 or spontaneous),53.1
6619,OPHHX,PADL01_1414200-t36_1-p1,96.7
6620,OPMEACPD,PADL01_1321900-t36_1-p1,138.7
6621,OPMEACPR,PADL01_0921900-t36_1-p1,233.0
6622,OPMEACPS,PADL01_0624400-t36_1-p1,387.5
6624,ORDCh,PADL01_1031500-t36_1-p1,152.9
6627,ORNDC,PADL01_1031500-t36_1-p1,152.9
6628,ORNTA,PADL01_0607000-t36_1-p1,411.4
6632,ORNTA_1,PADL01_0607000-t36_1-p1,377.5
6633,ORNTArm,PADL01_0607000-t36_1-p1,452.2
6645,ORPT,PADL01_0511700-t36_1-p1,90.9
6649,OXCDC,PADL01_0617500-t36_1-p1,65.9
6651,OXDHCOAT,(PADL01_0012600-t36_1-p1 or PADL01_1240800-t36_1-p1),28.1
6652,OXFOt4pp,PADL01_0209000-t36_1-p1,44.7
6656,OXO2Ctm,PADL01_1035900-t36_1-p1,58.2
6657,OXOADLR,PADL01_1319700-t36_1-p1,267.7
6712,P5CR,PADL01_1356900-t36_1-p1,183.0
6713,P5CRm,PADL01_1356900-t36_1-p1,183.0
6714,P5CRx,PADL01_1356900-t36_1-p1,160.2
6716,PA120abcpp,(PADL01_0522000-t36_1-p1 or PADL01_1143700-t36_1-p1 or PADL01_1351200-t36_1-p1 or PADL01_1447900-t36_1-p1),216.1
6717,PA140abcpp,(PADL01_0522000-t36_1-p1 or PADL01_1143700-t36_1-p1 or PADL01_1351200-t36_1-p1 or PADL01_1447900-t36_1-p1),216.1
6718,PA141abcpp,(PADL01_0522000-t36_1-p1 or PADL01_1143700-t36_1-p1 or PADL01_1351200-t36_1-p1 or PADL01_1447900-t36_1-p1),216.1
6719,PA160abcpp,(PADL01_0522000-t36_1-p1 or PADL01_1143700-t36_1-p1 or PADL01_1351200-t36_1-p1 or PADL01_1447900-t36_1-p1),216.1
6720,PA161abcpp,(PADL01_0522000-t36_1-p1 or PADL01_1143700-t36_1-p1 or PADL01_1351200-t36_1-p1 or PADL01_1447900-t36_1-p1),216.1
6721,PA180abcpp,(PADL01_0522000-t36_1-p1 or PADL01_1143700-t36_1-p1 or PADL01_1351200-t36_1-p1 or PADL01_1447900-t36_1-p1),216.1
6722,PA181abcpp,(PADL01_0522000-t36_1-p1 or PADL01_1143700-t36_1-p1 or PADL01_1351200-t36_1-p1 or PADL01_1447900-t36_1-p1),216.1
6723,PABB,PADL01_0921400-t36_1-p1,144.1
6729,PACOAL,PADL01_0524100-t36_1-p1,420.2
6737,PAIL18111Z160t,(PADL01_0008100-t36_1-p1 or PADL01_1220200-t36_1-p1),369.8
6738,PAIL1819Z160t,(PADL01_0008100-t36_1-p1 or PADL01_1220200-t36_1-p1),369.8
6771,PAPSR,PADL01_1457200-t36_1-p1,53.15
6772,PAPSR2,(PADL01_0305100-t36_1-p1 or PADL01_0708100-t36_1-p1),66.2
6780,PC,PADL01_1469500-t36_1-p1,210.3
6806,PCMEH2pp,PADL01_1439400-t36_1-p1,7.971428571428571
6807,PCMEH3pp,PADL01_1439400-t36_1-p1,7.971428571428571
6815,PDE1,(PADL01_1320400-t36_1-p1 or PADL01_1320500-t36_1-p1 or PADL01_1470400-t36_1-p1),139.4
6817,PDE2,PADL01_1470400-t36_1-p1,80.1
6818,PDE3,PADL01_1470400-t36_1-p1,80.1
6819,PDE4,PADL01_1470400-t36_1-p1,80.1
6821,PDE5,PADL01_1470400-t36_1-p1,80.1
6822,PDH,((PADL01_0302500-t36_1-p1 and PADL01_0503400-t36_1-p1 and PADL01_1232900-t36_1-p1) or (PADL01_0302500-t36_1-p1 and PADL01_0503400-t36_1-p1 and PADL01_1311500-t36_1-p1) or (PADL01_0302500-t36_1-p1 and PADL01_0815100-t36_1-p1) or (PADL01_0302500-t36_1-p1 and PADL01_1232900-t36_1-p1) or (PADL01_0815100-t36_1-p1 and PADL01_1019200-t36_1-p1 and PADL01_1446400-t36_1-p1) or (PADL01_1019200-t36_1-p1 and PADL01_1122700-t36_1-p1 and PADL01_1232900-t36_1-p1 and PADL01_1446400-t36_1-p1) or (PADL01_1019200-t36_1-p1 and PADL01_1122700-t36_1-p1 and PADL01_1446400-t36_1-p1) or (PADL01_1019200-t36_1-p1 and PADL01_1122700-t36_1-p1) or PADL01_0302500-t36_1-p1 or PADL01_0815100-t36_1-p1 or PADL01_1019200-t36_1-p1 or PADL01_1232900-t36_1-p1),269.1333333333333
6824,PDHa,((PADL01_0503400-t36_1-p1 and PADL01_1311500-t36_1-p1) or PADL01_1122700-t36_1-p1 or PADL01_1446400-t36_1-p1),356.7
6825,PDHam1hi,(PADL01_1122700-t36_1-p1 and PADL01_1446400-t36_1-p1),304.85
6826,PDHam1mi,((PADL01_1122700-t36_1-p1 and PADL01_1446400-t36_1-p1) or PADL01_1446400-t36_1-p1),201.45
6827,PDHam2hi,(PADL01_1122700-t36_1-p1 and PADL01_1446400-t36_1-p1),304.85
6828,PDHam2mi,((PADL01_1122700-t36_1-p1 and PADL01_1446400-t36_1-p1) or PADL01_1446400-t36_1-p1),201.45
6829,PDHbr,PADL01_1019200-t36_1-p1,153.7
6830,PDHcr,(PADL01_0815100-t36_1-p1 or PADL01_1122700-t36_1-p1 or PADL01_1232900-t36_1-p1),297.0
6831,PDHe2hr,PADL01_1019200-t36_1-p1,135.2
6832,PDHe2r,PADL01_1019200-t36_1-p1,58.9
6833,PDHe3hr,PADL01_0815100-t36_1-p1,219.9
6834,PDHm,(PADL01_1122700-t36_1-p1 and PADL01_1232900-t36_1-p1 and PADL01_1446400-t36_1-p1),180.85
6840,PDX5POi,PADL01_1459700-t36_1-p1,162.9
6842,PDXPP,PADL01_0713000-t36_1-p1,244.6
6843,PE120abcpp,(PADL01_0522000-t36_1-p1 or PADL01_1143700-t36_1-p1 or PADL01_1339000-t36_1-p1 or PADL01_1351200-t36_1-p1 or PADL01_1447900-t36_1-p1),216.1
6844,PE140abcpp,(PADL01_0522000-t36_1-p1 or PADL01_1143700-t36_1-p1 or PADL01_1351200-t36_1-p1 or PADL01_1447900-t36_1-p1),216.1
6845,PE141abcpp,(PADL01_0522000-t36_1-p1 or PADL01_1143700-t36_1-p1 or PADL01_1351200-t36_1-p1 or PADL01_1447900-t36_1-p1),216.1
6846,PE160abcpp,(PADL01_0522000-t36_1-p1 or PADL01_1143700-t36_1-p1 or PADL01_1339000-t36_1-p1 or PADL01_1351200-t36_1-p1 or PADL01_1447900-t36_1-p1),216.1
6847,PE161abcpp,(PADL01_0522000-t36_1-p1 or PADL01_1143700-t36_1-p1 or PADL01_1339000-t36_1-p1 or PADL01_1351200-t36_1-p1 or PADL01_1447900-t36_1-p1),216.1
6848,PE1801819Zt,(PADL01_0008100-t36_1-p1 or PADL01_1220200-t36_1-p1),369.8
6849,PE1801829Z12Zt,(PADL01_0008100-t36_1-p1 or PADL01_1220200-t36_1-p1),369.8
6850,PE1801835Z9Z12Zt,(PADL01_0008100-t36_1-p1 or PADL01_1220200-t36_1-p1),369.8
6851,PE1801845Z9Z12Z15Zt,(PADL01_0008100-t36_1-p1 or PADL01_1220200-t36_1-p1),369.8
6852,PE180abcpp,(PADL01_0522000-t36_1-p1 or PADL01_1143700-t36_1-p1 or PADL01_1339000-t36_1-p1 or PADL01_1351200-t36_1-p1 or PADL01_1447900-t36_1-p1),216.1
6853,PE18111Z1819Zt,(PADL01_0008100-t36_1-p1 or PADL01_1220200-t36_1-p1),369.8
6854,PE18111Z1829Z12Zt,(PADL01_0008100-t36_1-p1 or PADL01_1220200-t36_1-p1),369.8
6855,PE18111Z1835Z9Z12Zt,(PADL01_0008100-t36_1-p1 or PADL01_1220200-t36_1-p1),369.8
6856,PE18111Z1845Z9Z12Z15Zt,(PADL01_0008100-t36_1-p1 or PADL01_1220200-t36_1-p1),369.8
6857,PE1819Z1819Zt,(PADL01_0008100-t36_1-p1 or PADL01_1220200-t36_1-p1),369.8
6858,PE1819Z1829Z12Zt,(PADL01_0008100-t36_1-p1 or PADL01_1220200-t36_1-p1),369.8
6859,PE1819Z1835Z9Z12Zt,(PADL01_0008100-t36_1-p1 or PADL01_1220200-t36_1-p1),369.8
6860,PE1819Z1845Z9Z12Z15Zt,(PADL01_0008100-t36_1-p1 or PADL01_1220200-t36_1-p1),369.8
6861,PE181abcpp,(PADL01_0522000-t36_1-p1 or PADL01_1143700-t36_1-p1 or PADL01_1339000-t36_1-p1 or PADL01_1351200-t36_1-p1 or PADL01_1447900-t36_1-p1),216.1
6862,PE1829Z12Z1835Z9Z12Zt,(PADL01_0008100-t36_1-p1 or PADL01_1220200-t36_1-p1),369.8
6885,PEPCK_re,PADL01_1341900-t36_1-p1,429.5
6888,PEPPIth,PADL01_0507100-t36_1-p1,163.3
6893,PETHCT,PADL01_1346800-t36_1-p1,192.2
6901,PFK,PADL01_0914500-t36_1-p1,84.7
6904,PFK_2,PADL01_0914500-t36_1-p1,84.7
6905,PFK_3,PADL01_0914500-t36_1-p1,84.7
6907,PFK_ppi,PADL01_0914500-t36_1-p1,110.5
6912,PFOR,PADL01_1247600-t36_1-p1,36.2
6913,PG120abcpp,(PADL01_0522000-t36_1-p1 or PADL01_1143700-t36_1-p1 or PADL01_1351200-t36_1-p1 or PADL01_1447900-t36_1-p1),216.1
6914,PG140abcpp,(PADL01_0522000-t36_1-p1 or PADL01_1143700-t36_1-p1 or PADL01_1351200-t36_1-p1 or PADL01_1447900-t36_1-p1),216.1
6915,PG141abcpp,(PADL01_0522000-t36_1-p1 or PADL01_1143700-t36_1-p1 or PADL01_1351200-t36_1-p1 or PADL01_1447900-t36_1-p1),216.1
6916,PG160abcpp,(PADL01_0522000-t36_1-p1 or PADL01_1143700-t36_1-p1 or PADL01_1351200-t36_1-p1 or PADL01_1447900-t36_1-p1),216.1
6917,PG161abcpp,(PADL01_0522000-t36_1-p1 or PADL01_1143700-t36_1-p1 or PADL01_1351200-t36_1-p1 or PADL01_1447900-t36_1-p1),216.1
6918,PG180abcpp,(PADL01_0522000-t36_1-p1 or PADL01_1143700-t36_1-p1 or PADL01_1351200-t36_1-p1 or PADL01_1447900-t36_1-p1),216.1
6919,PG18111Z160t,(PADL01_0008100-t36_1-p1 or PADL01_1220200-t36_1-p1),369.8
6920,PG1819Z160t,(PADL01_0008100-t36_1-p1 or PADL01_1220200-t36_1-p1),369.8
6921,PG181abcpp,(PADL01_0522000-t36_1-p1 or PADL01_1143700-t36_1-p1 or PADL01_1351200-t36_1-p1 or PADL01_1447900-t36_1-p1),216.1
6922,PGAMT,PADL01_1128200-t36_1-p1,107.1
6924,PGCM,PADL01_1010900-t36_1-p1,317.0
6925,PGD3TDS18111Z1613E,PADL01_1317000-t36_1-p1,105.1
6926,PGD3TDS1819Z1613E,PADL01_1317000-t36_1-p1,105.1
6927,PGD3TDS1829Z12Z1613E,PADL01_1317000-t36_1-p1,105.1
6928,PGD3TDS1839Z12Z15Z1613E,PADL01_1317000-t36_1-p1,105.1
6929,PGDHh,PADL01_1454700-t36_1-p1,484.6
6934,PGI,PADL01_1436000-t36_1-p1,387.9
6935,PGIA,PADL01_1436000-t36_1-p1,501.5
6936,PGIAh,PADL01_1436000-t36_1-p1,501.5
6937,PGIBh,PADL01_1436000-t36_1-p1,501.5
6939,PGK,PADL01_0921500-t36_1-p1,496.9
6940,PGKh,PADL01_0921500-t36_1-p1,373.6
6945,PGLYCPh,PADL01_0713000-t36_1-p1,244.6
6946,PGLYCPx,PADL01_0713000-t36_1-p1,244.6
6950,PGM,PADL01_1118200-t36_1-p1,322.0
6951,PGMT,(PADL01_1010900-t36_1-p1 or PADL01_1128200-t36_1-p1),102.1
6956,PGP120abcpp,(PADL01_0522000-t36_1-p1 or PADL01_1143700-t36_1-p1 or PADL01_1339000-t36_1-p1 or PADL01_1351200-t36_1-p1 or PADL01_1447900-t36_1-p1),216.1
6957,PGP140abcpp,(PADL01_0522000-t36_1-p1 or PADL01_1143700-t36_1-p1 or PADL01_1351200-t36_1-p1 or PADL01_1447900-t36_1-p1),216.1
6958,PGP141abcpp,(PADL01_0522000-t36_1-p1 or PADL01_1143700-t36_1-p1 or PADL01_1351200-t36_1-p1 or PADL01_1447900-t36_1-p1),216.1
6959,PGP160abcpp,(PADL01_0522000-t36_1-p1 or PADL01_1143700-t36_1-p1 or PADL01_1339000-t36_1-p1 or PADL01_1351200-t36_1-p1 or PADL01_1447900-t36_1-p1),216.1
6960,PGP161abcpp,(PADL01_0522000-t36_1-p1 or PADL01_1143700-t36_1-p1 or PADL01_1339000-t36_1-p1 or PADL01_1351200-t36_1-p1 or PADL01_1447900-t36_1-p1),216.1
6961,PGP180abcpp,(PADL01_0522000-t36_1-p1 or PADL01_1143700-t36_1-p1 or PADL01_1339000-t36_1-p1 or PADL01_1351200-t36_1-p1 or PADL01_1447900-t36_1-p1),216.1
6962,PGP18111Z160t,(PADL01_0008100-t36_1-p1 or PADL01_1220200-t36_1-p1),369.8
6963,PGP1819Z160t,(PADL01_0008100-t36_1-p1 or PADL01_1220200-t36_1-p1),369.8
6964,PGP181abcpp,(PADL01_0522000-t36_1-p1 or PADL01_1143700-t36_1-p1 or PADL01_1339000-t36_1-p1 or PADL01_1351200-t36_1-p1 or PADL01_1447900-t36_1-p1),216.1
7011,PGW3DS1839Z12Z15Z160,PADL01_1317000-t36_1-p1,52.55
7012,PGW6DS1829Z12Z160,PADL01_1317000-t36_1-p1,52.55
7014,PHACOAOR,PADL01_1317000-t36_1-p1,13.559999999999999
7026,PHCHGSm,spontaneous,0.0
7028,PHEMEabcpp,PADL01_1242400-t36_1-p1,72.03333333333333
7034,PHETA1,PADL01_0203300-t36_1-p1,214.9
7038,PHETRS,((PADL01_0107300-t36_1-p1 and PADL01_1102200-t36_1-p1) or PADL01_0107300-t36_1-p1),344.35
7039,PHETRSm,PADL01_0601800-t36_1-p1,199.1
7047,PHYCBOXL,PADL01_0405300-t36_1-p1,436.4
7098,PI35BP5P_SC,PADL01_1353300-t36_1-p1,176.8
7105,PI3P5K_SC,PADL01_1412000-t36_1-p1,70.9
7109,PI45BP5P_SC,PADL01_1353300-t36_1-p1,156.0
7110,PI45BPP_SC,PADL01_1011900-t36_1-p1,105.5
7184,PI4P5K_SC,(PADL01_0108200-t36_1-p1 or PADL01_1412000-t36_1-p1),182.2
7237,PIN3K_SC,PADL01_0514300-t36_1-p1,243.4
7238,PIN4K_SC,PADL01_0508600-t36_1-p1,214.9
7239,PIN4Kn_SC,PADL01_0508600-t36_1-p1,214.9
7240,PINA1th,PADL01_1340000-t36_1-p1,195.7
7241,PINA1tm,PADL01_1340000-t36_1-p1,195.7
7242,PINOS_SC,PADL01_1314500-t36_1-p1,107.8
7264,PIabc,PADL01_1426300-t36_1-p1,83.2
7265,PIcm,PADL01_1202700-t36_1-p1,285.4
7266,PIt,PADL01_1340000-t36_1-p1,68.35
7267,PIt2m,(PADL01_1202700-t36_1-p1 or PADL01_1340000-t36_1-p1),184.1
7268,PIt2p,PADL01_1340000-t36_1-p1,167.9
7269,PIt2r,PADL01_1340000-t36_1-p1,167.9
7270,PIt2rpp,PADL01_1340000-t36_1-p1,65.9
7271,PIt5m,PADL01_1202700-t36_1-p1,241.1
7278,PItf,PADL01_1340000-t36_1-p1,167.9
7279,PIuabcpp,PADL01_1426300-t36_1-p1,21.075
7414,PLPS,(PADL01_0619200-t36_1-p1 and PADL01_1114300-t36_1-p1),216.85000000000002
7415,PLPSA21801819Z,PADL01_1357000-t36_1-p1,65.5
7416,PLPSA21801829Z12Z,PADL01_1357000-t36_1-p1,65.5
7417,PLPSA21801835Z9Z12Z,PADL01_1357000-t36_1-p1,65.5
7418,PLPSA21801845Z9Z12Z15Z,PADL01_1357000-t36_1-p1,65.5
7419,PLPSA218111Z1819Z,PADL01_1357000-t36_1-p1,65.5
7420,PLPSA218111Z1829Z12Z,PADL01_1357000-t36_1-p1,65.5
7421,PLPSA218111Z1835Z9Z12Z,PADL01_1357000-t36_1-p1,65.5
7422,PLPSA218111Z1845Z9Z12Z15Z,PADL01_1357000-t36_1-p1,65.5
7423,PLPSA21819Z1819Z,PADL01_1357000-t36_1-p1,65.5
7424,PLPSA21819Z1829Z12Z,PADL01_1357000-t36_1-p1,65.5
7425,PLPSA21819Z1835Z9Z12Z,PADL01_1357000-t36_1-p1,65.5
7426,PLPSA21819Z1845Z9Z12Z15Z,PADL01_1357000-t36_1-p1,65.5
7427,PLPSA21829Z12Z1835Z9Z12Z,PADL01_1357000-t36_1-p1,65.5
7443,PMANM,(PADL01_1010900-t36_1-p1 or PADL01_1015800-t36_1-p1 or PADL01_1420600-t36_1-p1),255.4
7445,PMEACPE,PADL01_1141200-t36_1-p1,55.5
7455,PMPK,PADL01_0519500-t36_1-p1,115.5
7460,PNTK,PADL01_1420300-t36_1-p1,93.2
7469,POATh,PADL01_0203300-t36_1-p1,192.2
7478,POR_1,(PADL01_0414200-t36_1-p1 or PADL01_0624200-t36_1-p1),62.8
7482,PPA,PADL01_0315200-t36_1-p1,139.4
7489,PPANA,PADL01_1456800-t36_1-p1,406.8
7510,PPA_1,PADL01_1456800-t36_1-p1,412.5
7511,PPA_1pp,PADL01_1456800-t36_1-p1,412.1
7513,PPAm,PADL01_0315200-t36_1-p1,135.2
7518,PPBNGD,PADL01_1210000-t36_1-p1,155.2
7519,PPBNGS,PADL01_1440350-t36_1-p1,186.4
7520,PPBNGS_1,PADL01_1440350-t36_1-p1,190.7
7521,PPC,PADL01_1426500-t36_1-p1,468.0
7523,PPCDC,PADL01_0815300-t36_1-p1,115.5
7524,PPCK,PADL01_1341900-t36_1-p1,604.4
7525,PPCKm,PADL01_1341900-t36_1-p1,588.2
7537,PPM,PADL01_1010900-t36_1-p1,317.0
7541,PPNCL2,PADL01_1100600-t36_1-p1,63.2
7542,PPNCL3,PADL01_1100600-t36_1-p1,63.2
7548,PPPGO,PADL01_0801300-t36_1-p1,50.8
7568,PPTTm,PADL01_0201500-t36_1-p1,121.7
7602,PROAKGOX1,PADL01_0828600-t36_1-p1,48.5
7620,PROTRS,(PADL01_0924300-t36_1-p1 or PADL01_1214300-t36_1-p1),516.9
7621,PROabc,PADL01_1434000-t36_1-p1,34.85
7633,PRPPS,(PADL01_1324000-t36_1-p1 or PADL01_1326700-t36_1-p1),318.9
7636,PS120abcpp,PADL01_0522000-t36_1-p1,174.5
7637,PS140abcpp,PADL01_0522000-t36_1-p1,174.5
7638,PS141abcpp,PADL01_0522000-t36_1-p1,174.5
7639,PS160abcpp,PADL01_0522000-t36_1-p1,174.5
7640,PS161abcpp,PADL01_0522000-t36_1-p1,174.5
7641,PS180abcpp,PADL01_0522000-t36_1-p1,174.5
7642,PS181abcpp,PADL01_0522000-t36_1-p1,174.5
7676,PSIblue,PADL01_1317000-t36_1-p1,5.056521739130434
7677,PSIred,PADL01_1317000-t36_1-p1,5.056521739130434
7686,PSSA120,PADL01_0819400-t36_1-p1,66.6
7687,PSSA140,PADL01_0819400-t36_1-p1,66.6
7688,PSSA141,PADL01_0819400-t36_1-p1,66.6
7689,PSSA160,PADL01_0819400-t36_1-p1,66.6
7690,PSSA161,PADL01_0819400-t36_1-p1,66.6
7691,PSSA180,PADL01_0819400-t36_1-p1,66.6
7692,PSSA181,PADL01_0819400-t36_1-p1,66.6
7729,PSUDS,PADL01_0520500-t36_1-p1,58.9
7750,PTHPS,PADL01_1323700-t36_1-p1,131.0
7761,PTRCabc,PADL01_1426300-t36_1-p1,20.7
7784,PYAM5PO,PADL01_1459700-t36_1-p1,162.9
7785,PYDAMK,PADL01_0614300-t36_1-p1,59.3
7789,PYDXK,PADL01_0614300-t36_1-p1,59.3
7790,PYDXNK,PADL01_0614300-t36_1-p1,59.3
7791,PYDXNO,PADL01_1459700-t36_1-p1,162.9
7795,PYDXO_1,PADL01_1459700-t36_1-p1,162.9
7796,PYDXPP,(PADL01_0713000-t36_1-p1 or PADL01_1031800-t36_1-p1),244.6
7797,PYDXS,(PADL01_0619200-t36_1-p1 and PADL01_1114300-t36_1-p1),218.20000000000002
7799,PYK,(PADL01_0625000-t36_1-p1 or PADL01_1035700-t36_1-p1),465.7
7800,PYK2,PADL01_1035700-t36_1-p1,188.0
7801,PYK3,(PADL01_0625000-t36_1-p1 or PADL01_1035700-t36_1-p1),465.7
7802,PYK4,PADL01_1035700-t36_1-p1,188.0
7803,PYK5,PADL01_1035700-t36_1-p1,188.0
7804,PYKf,PADL01_0625000-t36_1-p1,465.7
7805,PYKm,PADL01_0625000-t36_1-p1,465.7
7814,PYRIS,(PADL01_0619200-t36_1-p1 and PADL01_1114300-t36_1-p1),206.65
7816,PYRShi,PADL01_1317000-t36_1-p1,52.55
7856,RBFK,PADL01_1358100-t36_1-p1,96.3
7857,RBFKm,PADL01_1358100-t36_1-p1,57.4
7938,RE1709C,spontaneous,0.0
7939,RE1709N,spontaneous,0.0
8209,REPHACCOAI,(PADL01_0012600-t36_1-p1 or PADL01_1240800-t36_1-p1),56.2
8216,RFAMPtex,spontaneous,0.0
8230,RHODOPSINI,PADL01_1359500-t36_1-p1,98.6
8231,RHODOPSINRT,PADL01_1359500-t36_1-p1,98.6
8235,RIBabc,PADL01_1434000-t36_1-p1,9.86
8237,RIBabcpp,(PADL01_0318600-t36_1-p1 or PADL01_1434000-t36_1-p1),13.675
8265,RNDR1,((PADL01_1405200-t36_1-p1 and PADL01_1437200-t36_1-p1 and PADL01_1457200-t36_1-p1) or (PADL01_1405200-t36_1-p1 and PADL01_1437200-t36_1-p1) or (PADL01_1437200-t36_1-p1 and PADL01_1457200-t36_1-p1) or PADL01_1437200-t36_1-p1 or PADL01_1457200-t36_1-p1),713.3499999999999
8266,RNDR1b,(PADL01_0305100-t36_1-p1 or PADL01_0708100-t36_1-p1),22.066666666666666
8267,RNDR1n,((PADL01_1405200-t36_1-p1 and PADL01_1437200-t36_1-p1 and PADL01_1457200-t36_1-p1) or (PADL01_1405200-t36_1-p1 and PADL01_1437200-t36_1-p1)),663.3
8268,RNDR2,((PADL01_1405200-t36_1-p1 and PADL01_1437200-t36_1-p1 and PADL01_1457200-t36_1-p1) or (PADL01_1405200-t36_1-p1 and PADL01_1437200-t36_1-p1) or (PADL01_1437200-t36_1-p1 and PADL01_1457200-t36_1-p1) or PADL01_1437200-t36_1-p1 or PADL01_1457200-t36_1-p1),713.3499999999999
8269,RNDR2b,(PADL01_0305100-t36_1-p1 or PADL01_0708100-t36_1-p1),22.066666666666666
8270,RNDR2n,((PADL01_1405200-t36_1-p1 and PADL01_1437200-t36_1-p1 and PADL01_1457200-t36_1-p1) or (PADL01_1405200-t36_1-p1 and PADL01_1437200-t36_1-p1)),663.3
8271,RNDR3,((PADL01_1405200-t36_1-p1 and PADL01_1437200-t36_1-p1 and PADL01_1457200-t36_1-p1) or (PADL01_1405200-t36_1-p1 and PADL01_1437200-t36_1-p1) or (PADL01_1437200-t36_1-p1 and PADL01_1457200-t36_1-p1) or PADL01_1437200-t36_1-p1 or PADL01_1457200-t36_1-p1),713.3499999999999
8272,RNDR3b,(PADL01_0305100-t36_1-p1 or PADL01_0708100-t36_1-p1),22.066666666666666
8273,RNDR3n,((PADL01_1405200-t36_1-p1 and PADL01_1437200-t36_1-p1 and PADL01_1457200-t36_1-p1) or (PADL01_1405200-t36_1-p1 and PADL01_1437200-t36_1-p1)),663.3
8274,RNDR4,((PADL01_1405200-t36_1-p1 and PADL01_1437200-t36_1-p1 and PADL01_1457200-t36_1-p1) or (PADL01_1405200-t36_1-p1 and PADL01_1437200-t36_1-p1) or (PADL01_1437200-t36_1-p1 and PADL01_1457200-t36_1-p1) or PADL01_1437200-t36_1-p1 or PADL01_1457200-t36_1-p1),713.3499999999999
8275,RNDR4b,(PADL01_0305100-t36_1-p1 or PADL01_0708100-t36_1-p1),22.066666666666666
8276,RNDR4n,((PADL01_1405200-t36_1-p1 and PADL01_1437200-t36_1-p1 and PADL01_1457200-t36_1-p1) or (PADL01_1405200-t36_1-p1 and PADL01_1437200-t36_1-p1)),663.3
8279,RNTR1,PADL01_1457200-t36_1-p1,106.3
8282,RNTR2,PADL01_1457200-t36_1-p1,106.3
8285,RNTR3,PADL01_1457200-t36_1-p1,106.3
8288,RNTR4,PADL01_1457200-t36_1-p1,106.3
8293,RPE,PADL01_1220700-t36_1-p1,191.0
8295,RPI,PADL01_0513600-t36_1-p1,134.8
8296,RPIh,PADL01_0513600-t36_1-p1,208.4
8338,S2FE2SR,((PADL01_0714600-t36_1-p1 and PADL01_1413200-t36_1-p1) or PADL01_0714600-t36_1-p1 or PADL01_1413200-t36_1-p1),78.12
8339,S2FE2SS,((PADL01_0714600-t36_1-p1 and PADL01_1413200-t36_1-p1) or PADL01_0714600-t36_1-p1 or PADL01_1413200-t36_1-p1),65.10000000000001
8340,S2FE2SS2,((PADL01_0714600-t36_1-p1 and PADL01_1413200-t36_1-p1) or PADL01_0714600-t36_1-p1 or PADL01_1413200-t36_1-p1),65.10000000000001
8341,S2FE2ST,PADL01_1413200-t36_1-p1,61.15
8353,S4FE4SR,PADL01_1413200-t36_1-p1,81.53333333333333
8354,S4FE4ST,PADL01_1413200-t36_1-p1,61.15
8422,SADT,PADL01_1356100-t36_1-p1,88.95
8423,SADT2,(PADL01_0910900-t36_1-p1 or PADL01_0930100-t36_1-p1 or PADL01_1121600-t36_1-p1 or PADL01_1329600-t36_1-p1 or PADL01_1356100-t36_1-p1),459.5
8431,SALCHS2FEexs,spontaneous,0.0
8439,SALCHS4FEexs,spontaneous,0.0
8442,SALCHS4abcpp,PADL01_1434000-t36_1-p1,51.6
8483,SCYSDS,PADL01_0714600-t36_1-p1,73.0
8485,SDPTA,PADL01_0607000-t36_1-p1,240.7
8487,SEAHCYSHYD_1,PADL01_0519900-t36_1-p1,592.0
8488,SECYSTL,PADL01_0715700-t36_1-p1,321.6
8493,SELCYSLY3,PADL01_0714600-t36_1-p1,151.8
8500,SELNPS,PADL01_0909600-t36_1-p1,106.7
8504,SELTORm,PADL01_1215100-t36_1-p1,71.45
8507,SELtpp,PADL01_1426300-t36_1-p1,20.325
8530,SERTRS,(PADL01_0715700-t36_1-p1 or PADL01_1216500-t36_1-p1),322.4
8531,SERTRS2,PADL01_1216500-t36_1-p1,214.5
8549,SGOR,PADL01_1455900-t36_1-p1,60.8
8594,SLDxi2,PADL01_0616500-t36_1-p1,235.0
8596,SLDy,PADL01_0616500-t36_1-p1,235.0
8599,SLNTtpp,PADL01_1426300-t36_1-p1,20.325
8612,SO2tpp,spontaneous,0.0
8614,SO3abcpp,PADL01_1426300-t36_1-p1,20.025
8646,SPMDabc,PADL01_1426300-t36_1-p1,20.7
8654,SPMS,PADL01_1127200-t36_1-p1,271.9
8655,SPODM,PADL01_0814000-t36_1-p1,231.1
8663,SPRMS,PADL01_1127200-t36_1-p1,244.2
8683,SQDGW3DS1839Z12Z15Z160,PADL01_1317000-t36_1-p1,52.55
8684,SQDGW6DS1829Z12Z160,PADL01_1317000-t36_1-p1,52.55
8687,SQLEr,PADL01_0922200-t36_1-p1,49.3
8768,SUCBZL,PADL01_0617500-t36_1-p1,120.9
8782,SUCD1,PADL01_1213300-t36_1-p1,62.025
8783,SUCD1m,(PADL01_1032800-t36_1-p1 and PADL01_1213300-t36_1-p1),267.325
8784,SUCD2_u6m,(PADL01_1032800-t36_1-p1 and PADL01_1213300-t36_1-p1),267.325
8786,SUCD3_u6m,(PADL01_1032800-t36_1-p1 and PADL01_1213300-t36_1-p1),267.325
8787,SUCD4,PADL01_1213300-t36_1-p1,59.325
8789,SUCDH_q8_m,(PADL01_1032800-t36_1-p1 and PADL01_1213300-t36_1-p1),456.65
8790,SUCDi,((PADL01_1032800-t36_1-p1 and PADL01_1213300-t36_1-p1) or PADL01_1032800-t36_1-p1 or PADL01_1213300-t36_1-p1),201.14999999999998
8794,SUCFUMtm,PADL01_1367600-t36_1-p1,47.0
8798,SUCLm,(PADL01_1106700-t36_1-p1 and PADL01_1431600-t36_1-p1),355.1
8801,SUCOAS,((PADL01_1106700-t36_1-p1 and PADL01_1431600-t36_1-p1) or PADL01_1106700-t36_1-p1 or PADL01_1431600-t36_1-p1 or PADL01_1437700-t36_1-p1),319.7
8802,SUCOAS1m,(PADL01_1106700-t36_1-p1 and PADL01_1431600-t36_1-p1),355.1
8803,SUCOASm,PADL01_1431600-t36_1-p1,178.35
8818,SULR,(PADL01_0922200-t36_1-p1 or PADL01_1450300-t36_1-p1),113.2
8821,SULR_1,PADL01_1450300-t36_1-p1,61.2
8825,SULabc,PADL01_1426300-t36_1-p1,20.125
8826,SULabcpp,(PADL01_1426300-t36_1-p1 or PADL01_1434000-t36_1-p1),20.4
8829,St,spontaneous,0.0
8830,T2DECAI,PADL01_1321900-t36_1-p1,136.7
8895,TAURabc,PADL01_1426300-t36_1-p1,27.733333333333334
8905,TCHOLAabcv,PADL01_1229700-t36_1-p1,80.1
8923,TDSRh,((PADL01_0922800-t36_1-p1 and PADL01_1457200-t36_1-p1) or PADL01_0922800-t36_1-p1 or PADL01_1457200-t36_1-p1),250.75
8934,TEICH45,PADL01_1030800-t36_1-p1,7.966666666666666
8955,THD2pp,PADL01_1453500-t36_1-p1,194.9
8957,THFAT,PADL01_1236200-t36_1-p1,303.1
8958,THFATm,(PADL01_1122700-t36_1-p1 and PADL01_1131200-t36_1-p1 and PADL01_1364400-t36_1-p1 and PADL01_1446400-t36_1-p1),120.85999999999999
8960,THFGLUS,PADL01_1323700-t36_1-p1,148.7
8962,THFOR1,PADL01_0416400-t36_1-p1,389.0
8963,THFOR2,PADL01_0416400-t36_1-p1,389.0
8966,THIORDXi,((PADL01_1215500-t36_1-p1 and PADL01_1457200-t36_1-p1) or PADL01_1212400-t36_1-p1 or PADL01_1457200-t36_1-p1),130.2
8967,THIORDXm,(PADL01_0801600-t36_1-p1 and PADL01_1457200-t36_1-p1),129.65
8968,THIORDXni,(PADL01_1025700-t36_1-p1 and PADL01_1457200-t36_1-p1),92.8
8969,THIORDXp,PADL01_1457200-t36_1-p1,53.15
8978,THMPPt2m,PADL01_0908000-t36_1-p1,48.1
8983,THMabcpp,PADL01_1426300-t36_1-p1,26.96666666666667
9008,THRTRS,(PADL01_1124300-t36_1-p1 or PADL01_1214300-t36_1-p1),647.5
9009,THRTRSm,PADL01_1124300-t36_1-p1,595.9
9028,THZPSN,((PADL01_0724900-t36_1-p1 and PADL01_1364300-t36_1-p1) or PADL01_0625700-t36_1-p1 or PADL01_0724900-t36_1-p1 or PADL01_1237600-t36_1-p1),85.43333333333334
9029,THZPSN3,((PADL01_0612300-t36_1-p1 and PADL01_1364300-t36_1-p1) or PADL01_0724900-t36_1-p1),79.74
9030,THZSN,PADL01_0816200-t36_1-p1,67.8
9035,TKT1,PADL01_0609000-t36_1-p1,616.3
9036,TKT1h,PADL01_0609000-t36_1-p1,547.4
9037,TKT2,PADL01_0609000-t36_1-p1,616.3
9038,TKT2h,PADL01_0609000-t36_1-p1,547.4
9058,TMDPK,PADL01_0923300-t36_1-p1,59.7
9060,TMDPPK,PADL01_0923300-t36_1-p1,59.7
9061,TMDS,PADL01_0416400-t36_1-p1,389.0
9071,TMPPP,(PADL01_0519500-t36_1-p1 or PADL01_0612300-t36_1-p1),118.6
9079,TPI,(PADL01_0317700-t36_1-p1 or PADL01_0921500-t36_1-p1 or PADL01_1439900-t36_1-p1),377.5
9080,TPIh,PADL01_1439900-t36_1-p1,207.6
9081,TPK1,PADL01_1007300-t36_1-p1,169.5
9083,TRDR,((PADL01_0922800-t36_1-p1 and PADL01_1457200-t36_1-p1) or PADL01_1457200-t36_1-p1),265.4
9086,TRDRm,PADL01_1457200-t36_1-p1,43.35
9100,TRIGS_SC,PADL01_0321200-t36_1-p1,124.0
9114,TRPTA,PADL01_0203300-t36_1-p1,191.8
9115,TRPTRS,(PADL01_0807400-t36_1-p1 or PADL01_1251900-t36_1-p1 or PADL01_1336000-t36_1-p1),394.8
9130,TSULabc,PADL01_1426300-t36_1-p1,20.125
9131,TSULabcpp,PADL01_1426300-t36_1-p1,20.4
9134,TSULth,PADL01_1426300-t36_1-p1,49.9
9135,TSULtm,PADL01_1426300-t36_1-p1,49.9
9148,TUNGSabcpp,(PADL01_1367100-t36_1-p1 or PADL01_1426300-t36_1-p1),23.366666666666664
9166,TYRTA,PADL01_0203300-t36_1-p1,214.9
9167,TYRTAh,PADL01_0203300-t36_1-p1,192.2
9168,TYRTAi,PADL01_0203300-t36_1-p1,192.2
9169,TYRTAim,PADL01_0203300-t36_1-p1,192.2
9171,TYRTRS,(PADL01_0807400-t36_1-p1 or PADL01_1115600-t36_1-p1),457.2
9199,UAGAAT,PADL01_0207200-t36_1-p1,40.25
9204,UAGDP,(PADL01_1342700-t36_1-p1 or PADL01_1420600-t36_1-p1),108.2
9215,UDCPDPS,PADL01_0825600-t36_1-p1,107.5
9223,UDPACGLP,PADL01_1342700-t36_1-p1,104.8
9228,UDPDPS,PADL01_0825600-t36_1-p1,88.6
9300,UMPK,PADL01_0109000-t36_1-p1,131.0
9314,UMPKn,PADL01_0109000-t36_1-p1,131.0
9317,UNK3,PADL01_0203300-t36_1-p1,214.9
9327,UPPDC1,PADL01_0605400-t36_1-p1,166.8
9329,UPPDC2,PADL01_0605400-t36_1-p1,166.8
9348,UREASE,PADL01_0415300-t36_1-p1,104.8
9356,UREAtpp,PADL01_1131100-t36_1-p1,117.5
9357,URFGTT,PADL01_0203700-t36_1-p1,156.0
9360,URIDK2r,(PADL01_0109000-t36_1-p1 or PADL01_1251500-t36_1-p1),132.9
9361,URIDK2rn,PADL01_0109000-t36_1-p1,131.0
9376,UTPH1,PADL01_1431800-t36_1-p1,79.0
9377,UTPtm,PADL01_0823100-t36_1-p1,77.0
9388,VALTA,PADL01_1458400-t36_1-p1,76.6
9390,VALTLh,(PADL01_1003500-t36_1-p1 or PADL01_1461900-t36_1-p1),783.1
9391,VALTRS,(PADL01_1003500-t36_1-p1 or PADL01_1461900-t36_1-p1),783.1
9392,VALTRSm,PADL01_1461900-t36_1-p1,760.0
9406,VCACT,PADL01_1450900-t36_1-p1,181.8
9440,XPPT,PADL01_1010800-t36_1-p1,104.0
9468,XYLt2,PADL01_0205000-t36_1-p1,53.5
9471,YUMPS,(PADL01_0218300-t36_1-p1 or PADL01_0804000-t36_1-p1 or PADL01_0907900-t36_1-p1 or PADL01_1016400-t36_1-p1 or PADL01_1417200-t36_1-p1),270.8
9476,ZHY,PADL01_1469500-t36_1-p1,330.5
9479,ZN2t4,PADL01_0713900-t36_1-p1,70.5
9482,ZNabc,(PADL01_1119800-t36_1-p1 or PADL01_1367100-t36_1-p1),39.65
9483,ZNabcpp,(PADL01_0318600-t36_1-p1 or PADL01_1119800-t36_1-p1),24.633333333333336
9485,ZYMSTESTH_SC,PADL01_1124900-t36_1-p1,59.7
9487,ZYMSTt,PADL01_1426300-t36_1-p1,102.1
9508,r0647,spontaneous,0.0
9509,r0647m,spontaneous,0.0
