TcCLB.421057.10:mRNA-p1	iRC1080.CRv4_Au5_s12_g4262_t1	45.5	99	52	2	63	160	63	160	1.7e-18	91.3
TcCLB.421057.10:mRNA-p1	iMM904.YPL252C	46.9	98	51	1	63	160	69	165	1.7e-18	91.3
TcCLB.457101.30:mRNA-p1	iRC1080.CRv4_Au5_s4_g11849_t1	43.5	237	133	1	1	237	1441	1676	1.2e-47	188.7
TcCLB.457101.30:mRNA-p1	iMM904.YLL048C	38.9	257	135	4	3	238	1385	1640	5.3e-46	183.3
TcCLB.457101.30:mRNA-p1	iMM904.YDR135C	39.9	238	141	2	1	237	1274	1510	1.1e-43	175.6
TcCLB.457101.30:mRNA-p1	iPC815.YPO3144	33.9	230	149	3	3	232	345	571	1.3e-28	125.6
TcCLB.457101.30:mRNA-p1	iYL1228.KPN_00919	32.9	225	145	5	2	224	353	573	1.3e-25	115.5
TcCLB.457101.30:mRNA-p1	iNJ661.Rv1348	33.0	233	151	5	1	232	612	840	3.3e-24	110.9
TcCLB.457101.30:mRNA-p1	iSF_1195.SF0846	33.2	199	130	3	19	216	369	565	1.3e-23	109.0
TcCLB.457101.30:mRNA-p1	iSFxv_1172.SFxv_0916	33.2	199	130	3	19	216	369	565	1.3e-23	109.0
TcCLB.457101.30:mRNA-p1	iSFV_1184.SFV_0878	33.2	199	130	3	19	216	369	565	1.3e-23	109.0
TcCLB.457101.30:mRNA-p1	iS_1188.S0887	33.2	199	130	3	19	216	369	565	1.3e-23	109.0
TcCLB.457101.30:mRNA-p1	iECIAI1_1343.ECIAI1_0927	32.7	199	131	3	19	216	369	565	6.2e-23	106.7
TcCLB.457101.30:mRNA-p1	iUMNK88_1353.UMNK88_983	32.7	199	131	3	19	216	369	565	6.2e-23	106.7
TcCLB.457101.30:mRNA-p1	iG2583_1286.G2583_1124	32.7	199	131	3	19	216	369	565	6.2e-23	106.7
TcCLB.457101.30:mRNA-p1	iB21_1397.B21_00898	32.7	199	131	3	19	216	369	565	6.2e-23	106.7
TcCLB.457101.30:mRNA-p1	iECO111_1330.ECO111_0955	32.7	199	131	3	19	216	369	565	6.2e-23	106.7
TcCLB.457101.30:mRNA-p1	iY75_1357.Y75_RS04615	32.7	199	131	3	19	216	369	565	6.2e-23	106.7
TcCLB.457101.30:mRNA-p1	iEcolC_1368.EcolC_2709	32.7	199	131	3	19	216	369	565	6.2e-23	106.7
TcCLB.457101.30:mRNA-p1	iECW_1372.ECW_m0997	32.7	199	131	3	19	216	369	565	6.2e-23	106.7
TcCLB.457101.30:mRNA-p1	iECSP_1301.ECSP_0992	32.7	199	131	3	19	216	369	565	6.2e-23	106.7
TcCLB.457101.30:mRNA-p1	iECs_1301.ECs0972	32.7	199	131	3	19	216	369	565	6.2e-23	106.7
TcCLB.457101.30:mRNA-p1	iECDH10B_1368.ECDH10B_0957	32.7	199	131	3	19	216	369	565	6.2e-23	106.7
TcCLB.457101.30:mRNA-p1	iECBD_1354.ECBD_2708	32.7	199	131	3	19	216	369	565	6.2e-23	106.7
TcCLB.457101.30:mRNA-p1	iECO26_1355.ECO26_1013	32.7	199	131	3	19	216	369	565	6.2e-23	106.7
TcCLB.457101.30:mRNA-p1	iECD_1391.ECD_00891	32.7	199	131	3	19	216	369	565	6.2e-23	106.7
TcCLB.457101.30:mRNA-p1	iZ_1308.Z1231	32.7	199	131	3	19	216	369	565	6.2e-23	106.7
TcCLB.458369.20:pseudogenic_transcript-p1	iMM904.YFR019W	37.9	58	35	1	3	60	240	296	1.1e-05	48.1
TcCLB.458369.20:pseudogenic_transcript-p1	iND750.YFR019W	37.9	58	35	1	3	60	240	296	1.1e-05	48.1
TcCLB.494675.10:mRNA-p1	iRC1080.CRv4_Au5_s3_g10787_t1	31.2	567	344	14	1	541	104	650	7.8e-71	266.9
TcCLB.494675.10:mRNA-p1	iRC1080.CRv4_Au5_s12_g3222_t1	31.2	551	353	10	1	539	128	664	1.3e-70	266.2
TcCLB.494675.10:mRNA-p1	iMM904.YOR317W	30.4	562	342	14	1	527	138	685	3.2e-64	245.0
TcCLB.494675.10:mRNA-p1	iND750.YOR317W	30.4	562	342	14	1	527	138	685	3.2e-64	245.0
TcCLB.494675.10:mRNA-p1	iRC1080.CRv4_Au5_s13_g4399_t1	29.7	552	366	10	1	539	117	659	3.0e-62	238.4
TcCLB.494675.10:mRNA-p1	iMM904.YIL009W	29.7	572	356	13	1	542	138	693	4.3e-61	234.6
TcCLB.494675.10:mRNA-p1	iND750.YIL009W	29.7	572	356	13	1	542	138	693	4.3e-61	234.6
TcCLB.494675.10:mRNA-p1	iND750.YMR246W	28.9	575	357	15	1	542	138	693	3.6e-60	231.5
TcCLB.494675.10:mRNA-p1	iMM904.YMR246W	28.9	575	357	15	1	542	138	693	3.6e-60	231.5
TcCLB.494675.10:mRNA-p1	iMM904.YER015W	26.0	578	374	14	1	541	175	735	9.9e-42	170.2
TcCLB.494675.10:mRNA-p1	iND750.YER015W	26.0	578	374	14	1	541	175	735	9.9e-42	170.2
TcCLB.494675.10:mRNA-p1	iNJ661.Rv2590	25.1	471	295	10	76	541	209	626	6.9e-35	147.5
TcCLB.494675.10:mRNA-p1	iAF987.Gmet_1469	27.4	441	226	19	107	524	230	599	3.8e-25	115.2
TcCLB.494675.10:mRNA-p1	iECED1_1282.ECED1_3292	23.4	372	212	14	106	463	367	679	5.1e-14	78.2
TcCLB.494675.10:mRNA-p1	iUMNK88_1353.UMNK88_3521	22.2	473	288	16	6	463	272	679	1.1e-13	77.0
TcCLB.494675.10:mRNA-p1	iPC815.YPO0793	22.8	334	189	11	99	422	360	634	1.9e-13	76.3
TcCLB.494675.10:mRNA-p1	iECIAI39_1322.ECIAI39_3256	23.1	372	213	14	106	463	367	679	2.5e-13	75.9
TcCLB.494675.10:mRNA-p1	iSDY_1059.SDY_3053	22.2	473	288	16	6	463	272	679	2.5e-13	75.9
TcCLB.494675.10:mRNA-p1	iECNA114_1301.ECNA114_2896	23.1	372	213	14	106	463	367	679	2.5e-13	75.9
TcCLB.494675.10:mRNA-p1	iG2583_1286.G2583_3491	23.1	372	213	14	106	463	367	679	2.5e-13	75.9
TcCLB.494675.10:mRNA-p1	iECSF_1327.ECSF_2651	23.1	372	213	14	106	463	367	679	2.5e-13	75.9
TcCLB.494675.10:mRNA-p1	iEC042_1314.EC042_3034	23.1	372	213	14	106	463	367	679	3.3e-13	75.5
TcCLB.494675.10:mRNA-p1	iECABU_c1320.ECABU_c31330	23.1	372	213	14	106	463	367	679	3.3e-13	75.5
TcCLB.494675.10:mRNA-p1	iSSON_1240.SSON_2996	23.1	372	213	14	106	463	367	679	3.3e-13	75.5
TcCLB.494675.10:mRNA-p1	iECs_1301.ECs3693	23.1	372	213	14	106	463	367	679	3.3e-13	75.5
TcCLB.506919.110:pseudogenic_transcript-p1	iJN678.gcvP	25.3	987	607	29	23	942	31	954	3.6e-47	189.1
TcCLB.506919.110:pseudogenic_transcript-p1	iRC1080.CRv4_Au5_s12_g3759_t1	24.9	994	609	27	22	942	77	1006	8.1e-47	188.0
TcCLB.506919.110:pseudogenic_transcript-p1	iJN746.PP_0988	25.9	958	610	26	23	933	9	913	1.2e-45	184.1
TcCLB.506919.110:pseudogenic_transcript-p1	iNJ661.Rv1832	24.5	982	589	32	23	933	5	905	1.6e-42	173.7
TcCLB.506919.110:pseudogenic_transcript-p1	iEcHS_1320.EcHS_A3062	24.2	968	625	30	22	934	11	924	9.9e-37	154.5
TcCLB.506919.110:pseudogenic_transcript-p1	iNRG857_1313.NRG857_14250	24.0	967	628	29	22	934	11	924	1.3e-36	154.1
TcCLB.506919.110:pseudogenic_transcript-p1	iECS88_1305.ECS88_3182	24.0	967	628	29	22	934	11	924	1.3e-36	154.1
TcCLB.506919.110:pseudogenic_transcript-p1	iUMN146_1321.UM146_02010	24.0	967	628	29	22	934	11	924	1.3e-36	154.1
TcCLB.506919.110:pseudogenic_transcript-p1	iECOK1_1307.ECOK1_3289	24.0	967	628	29	22	934	11	924	1.3e-36	154.1
TcCLB.506919.110:pseudogenic_transcript-p1	iLF82_1304.LF82_0820	24.0	967	628	29	22	934	11	924	1.3e-36	154.1
TcCLB.506919.110:pseudogenic_transcript-p1	iUTI89_1310.UTI89_C3288	24.0	967	628	29	22	934	11	924	1.3e-36	154.1
TcCLB.506919.110:pseudogenic_transcript-p1	iG2583_1286.G2583_3555	24.1	968	626	30	22	934	11	924	1.3e-36	154.1
TcCLB.506919.110:pseudogenic_transcript-p1	iECSP_1301.ECSP_3870	24.1	968	626	30	22	934	11	924	2.2e-36	153.3
TcCLB.506919.110:pseudogenic_transcript-p1	iECs_1301.ECs3774	24.1	968	626	30	22	934	11	924	2.2e-36	153.3
TcCLB.506919.110:pseudogenic_transcript-p1	iECH74115_1262.ECH74115_4194	24.1	968	626	30	22	934	11	924	2.2e-36	153.3
TcCLB.506919.110:pseudogenic_transcript-p1	iAPECO1_1312.APECO1_3625	24.0	967	628	29	22	934	11	924	2.2e-36	153.3
TcCLB.506919.110:pseudogenic_transcript-p1	iECO26_1355.ECO26_3992	24.1	968	626	30	22	934	11	924	2.9e-36	152.9
TcCLB.506919.110:pseudogenic_transcript-p1	iECSE_1348.ECSE_3166	24.1	968	626	30	22	934	11	924	2.9e-36	152.9
TcCLB.506919.110:pseudogenic_transcript-p1	iWFL_1372.ECW_m3156	24.1	968	626	30	22	934	11	924	2.9e-36	152.9
TcCLB.506919.110:pseudogenic_transcript-p1	iEC042_1314.EC042_3114	24.1	968	626	30	22	934	39	952	2.9e-36	152.9
TcCLB.506919.110:pseudogenic_transcript-p1	iEC55989_1330.EC55989_3190	24.1	968	626	30	22	934	11	924	2.9e-36	152.9
TcCLB.506919.110:pseudogenic_transcript-p1	iECO103_1326.ECO103_3479	24.1	968	626	30	22	934	11	924	2.9e-36	152.9
TcCLB.506919.110:pseudogenic_transcript-p1	iECW_1372.ECW_m3156	24.1	968	626	30	22	934	11	924	2.9e-36	152.9
TcCLB.506919.110:pseudogenic_transcript-p1	iEKO11_1354.EKO11_0828	24.1	968	626	30	22	934	11	924	2.9e-36	152.9
TcCLB.506919.110:pseudogenic_transcript-p1	iECO111_1330.ECO111_3641	24.1	968	626	30	22	934	11	924	2.9e-36	152.9
TcCLB.507693.5:mRNA-p1	iMM904.YOL097C	41.6	233	106	7	20	246	11	219	8.6e-41	166.0
TcCLB.507693.5:mRNA-p1	iND750.YOL097C	41.6	233	106	7	20	246	11	219	8.6e-41	166.0
TcCLB.507693.5:mRNA-p1	iRC1080.CRv4_Au5_s12_g3513_t1	39.0	218	107	5	32	248	17	209	2.5e-40	164.5
TcCLB.510785.10:mRNA-p1	iMM904.YDR135C	49.2	120	60	1	22	141	1392	1510	3.5e-24	110.2
TcCLB.510785.10:mRNA-p1	iMM904.YLL048C	47.4	114	59	1	29	142	1528	1640	8.1e-21	99.0
TcCLB.510785.10:mRNA-p1	iRC1080.CRv4_Au5_s4_g11849_t1	45.0	120	65	1	22	141	1558	1676	9.0e-20	95.5
TcCLB.510785.10:mRNA-p1	iPC815.YPO3144	40.0	100	59	1	28	127	465	563	1.1e-12	72.0
TcCLB.510785.10:mRNA-p1	iJN746.PP_4935	37.7	146	85	4	2	147	459	598	4.0e-12	70.1
TcCLB.510785.10:mRNA-p1	iUMN146_1321.UM146_12980	39.4	99	59	1	28	126	469	566	3.4e-11	67.0
TcCLB.510785.10:mRNA-p1	iSF_1195.SF0910	38.4	99	60	1	28	126	469	566	1.0e-10	65.5
TcCLB.510785.10:mRNA-p1	iG2583_1286.G2583_1149	38.4	99	60	1	28	126	469	566	1.0e-10	65.5
TcCLB.510785.10:mRNA-p1	iECS88_1305.ECS88_0942	38.4	99	60	1	28	126	469	566	1.0e-10	65.5
TcCLB.510785.10:mRNA-p1	iWFL_1372.ECW_m1024	38.4	99	60	1	28	126	469	566	1.0e-10	65.5
TcCLB.510785.10:mRNA-p1	iSFxv_1172.SFxv_0985	38.4	99	60	1	28	126	469	566	1.0e-10	65.5
TcCLB.510785.10:mRNA-p1	iNRG857_1313.NRG857_04165	38.4	99	60	1	28	126	469	566	1.0e-10	65.5
TcCLB.510785.10:mRNA-p1	iECO103_1326.ECO103_0957	38.4	99	60	1	28	126	469	566	1.0e-10	65.5
TcCLB.510785.10:mRNA-p1	iEcDH1_1363.EcDH1_2729	38.4	99	60	1	28	126	469	566	1.0e-10	65.5
TcCLB.510785.10:mRNA-p1	iSBO_1134.SBO_2202	38.4	99	60	1	28	126	469	566	1.0e-10	65.5
TcCLB.510785.10:mRNA-p1	iZ_1308.Z1260	38.4	99	60	1	28	126	469	566	1.0e-10	65.5
TcCLB.510785.10:mRNA-p1	iECSP_1301.ECSP_1018	38.4	99	60	1	28	126	469	566	1.0e-10	65.5
TcCLB.510785.10:mRNA-p1	iEcE24377_1341.EcE24377A_1012	38.4	99	60	1	28	126	469	566	1.0e-10	65.5
TcCLB.510785.10:mRNA-p1	iECUMN_1333.ECUMN_1107	38.4	99	60	1	28	126	469	566	1.0e-10	65.5
TcCLB.510785.10:mRNA-p1	iECSE_1348.ECSE_0973	38.4	99	60	1	28	126	469	566	1.0e-10	65.5
TcCLB.510785.10:mRNA-p1	iECW_1372.ECW_m1024	38.4	99	60	1	28	126	469	566	1.0e-10	65.5
TcCLB.510785.10:mRNA-p1	iUMNK88_1353.UMNK88_1067	38.4	99	60	1	28	126	469	566	1.0e-10	65.5
TcCLB.510785.10:mRNA-p1	iSFV_1184.SFV_0915	38.4	99	60	1	28	126	469	566	1.0e-10	65.5
TcCLB.510785.10:mRNA-p1	iEC042_1314.EC042_1004	38.4	99	60	1	28	126	469	566	1.0e-10	65.5
TcCLB.510785.10:mRNA-p1	iECSF_1327.ECSF_0835	38.4	99	60	1	28	126	469	566	1.0e-10	65.5
TcCLB.510785.20:pseudogenic_transcript-p1	iHN637.CLJU_RS20765	38.9	90	50	2	13	102	8	92	1.3e-10	65.9
TcCLB.504339.19:mRNA-p1	iNJ661.Rv3045	53.7	339	155	2	8	346	7	343	2.4e-97	354.4
TcCLB.504339.19:mRNA-p1	iYO844.BSU27010	52.7	334	156	2	13	346	15	346	6.8e-97	352.8
TcCLB.504339.19:mRNA-p1	iAF692.Mbar_A0771	46.6	352	180	4	1	346	1	350	6.0e-85	313.2
TcCLB.504339.19:mRNA-p1	iIT341.HP1104	48.6	350	169	6	1	346	1	343	9.9e-80	295.8
TcCLB.504339.19:mRNA-p1	iMM904.YMR318C	39.8	322	181	9	31	344	35	351	3.3e-51	201.1
TcCLB.504339.19:mRNA-p1	iSB619.SA_RS03250	31.0	326	208	8	25	344	20	334	4.2e-38	157.5
TcCLB.504339.19:mRNA-p1	iND750.YOL086C	32.1	324	204	5	29	345	31	345	1.5e-35	149.1
TcCLB.504339.19:mRNA-p1	iMM904.YOL086C	32.1	324	204	5	29	345	31	345	1.5e-35	149.1
TcCLB.504339.19:mRNA-p1	iND750.YMR303C	31.6	323	205	5	30	345	32	345	3.3e-35	147.9
TcCLB.504339.19:mRNA-p1	iMM904.YMR303C	31.6	323	205	5	30	345	32	345	3.3e-35	147.9
TcCLB.504339.19:mRNA-p1	iMM904.YMR083W	31.0	329	199	7	30	345	59	372	7.4e-35	146.7
TcCLB.504339.19:mRNA-p1	iND750.YMR083W	31.0	329	199	7	30	345	59	372	7.4e-35	146.7
TcCLB.504339.19:mRNA-p1	iYL1228.KPN_01853	27.8	317	214	5	34	346	29	334	9.1e-33	139.8
TcCLB.504339.19:mRNA-p1	iJN746.PP_3839	29.5	315	207	6	34	344	29	332	1.2e-32	139.4
TcCLB.504339.19:mRNA-p1	iMM904.YBR145W	29.8	325	208	6	30	345	35	348	3.5e-32	137.9
TcCLB.504339.19:mRNA-p1	iND750.YBR145W	29.8	325	208	6	30	345	35	348	3.5e-32	137.9
TcCLB.504339.19:mRNA-p1	iE2348C_1286.E2348C_1612	27.4	325	221	5	25	345	20	333	1.7e-31	135.6
TcCLB.504339.19:mRNA-p1	iSDY_1059.SDY_1608	27.4	325	221	5	25	345	30	343	2.2e-31	135.2
TcCLB.504339.19:mRNA-p1	iECNA114_1301.ECNA114_3652	27.1	325	222	5	25	345	20	333	2.9e-31	134.8
TcCLB.504339.19:mRNA-p1	iECSF_1327.ECSF_1393	27.1	325	222	5	25	345	20	333	2.9e-31	134.8
TcCLB.504339.19:mRNA-p1	iUTI89_1310.UTI89_C1696	27.4	325	221	5	25	345	30	343	5.0e-31	134.0
TcCLB.504339.19:mRNA-p1	iECP_1309.ECP_1480	27.4	325	221	5	25	345	20	333	5.0e-31	134.0
TcCLB.504339.19:mRNA-p1	iLF82_1304.LF82_0036	27.4	325	221	5	25	345	20	333	5.0e-31	134.0
TcCLB.504339.19:mRNA-p1	iECED1_1282.ECED1_1631	27.4	325	221	5	25	345	20	333	5.0e-31	134.0
TcCLB.504339.19:mRNA-p1	iECABU_c1320.ECABU_c17170	27.4	325	221	5	25	345	20	333	5.0e-31	134.0
TcCLB.504411.30:mRNA-p1	iRC1080.CRv4_Au5_s1_g1601_t1	34.5	284	117	8	23	245	33	308	2.9e-28	124.4
TcCLB.504411.30:mRNA-p1	iSbBS512_1146.SbBS512_E0043	35.5	152	83	6	27	173	5	146	1.4e-11	68.9
TcCLB.504411.30:mRNA-p1	iECOK1_1307.ECOK1_0049	35.5	152	83	6	27	173	5	146	1.4e-11	68.9
TcCLB.504411.30:mRNA-p1	iSFxv_1172.SFxv_0048	35.5	152	83	6	27	173	5	146	1.4e-11	68.9
TcCLB.504411.30:mRNA-p1	iECIAI1_1343.ECIAI1_0051	35.5	152	83	6	27	173	5	146	1.4e-11	68.9
TcCLB.504411.30:mRNA-p1	iEcSMS35_1347.EcSMS35_0053	35.5	152	83	6	27	173	5	146	1.4e-11	68.9
TcCLB.504411.30:mRNA-p1	iS_1188.S0048	35.5	152	83	6	27	173	5	146	1.4e-11	68.9
TcCLB.504411.30:mRNA-p1	iECD_1391.ECD_00053	35.5	152	83	6	27	173	5	146	1.4e-11	68.9
TcCLB.504411.30:mRNA-p1	iETEC_1333.ETEC_0049	35.5	152	83	6	27	173	5	146	1.4e-11	68.9
TcCLB.504411.30:mRNA-p1	iUMNK88_1353.UMNK88_49	35.5	152	83	6	27	173	5	146	1.4e-11	68.9
TcCLB.504411.30:mRNA-p1	iECS88_1305.ECS88_0054	35.5	152	83	6	27	173	5	146	1.4e-11	68.9
TcCLB.504411.30:mRNA-p1	iECW_1372.ECW_m0049	35.5	152	83	6	27	173	5	146	1.4e-11	68.9
TcCLB.504411.30:mRNA-p1	iUTI89_1310.UTI89_C0056	35.5	152	83	6	27	173	5	146	1.4e-11	68.9
TcCLB.504411.30:mRNA-p1	iSFV_1184.SFV_0043	35.5	152	83	6	27	173	5	146	1.4e-11	68.9
TcCLB.504411.30:mRNA-p1	iSF_1195.SF0046	35.5	152	83	6	27	173	5	146	1.4e-11	68.9
TcCLB.504411.30:mRNA-p1	iZ_1308.Z0058	35.5	152	83	6	27	173	5	146	1.4e-11	68.9
TcCLB.504411.30:mRNA-p1	iECED1_1282.ECED1_0050	35.5	152	83	6	27	173	5	146	1.4e-11	68.9
TcCLB.504411.30:mRNA-p1	iSBO_1134.SBO_0038	35.5	152	83	6	27	173	5	146	1.4e-11	68.9
TcCLB.504411.30:mRNA-p1	iECABU_c1320.ECABU_c00570	35.5	152	83	6	27	173	5	146	1.4e-11	68.9
TcCLB.504411.30:mRNA-p1	iSSON_1240.SSON_0057	35.5	152	83	6	27	173	5	146	1.4e-11	68.9
TcCLB.504411.30:mRNA-p1	iECSF_1327.ECSF_0056	35.5	152	83	6	27	173	5	146	1.4e-11	68.9
TcCLB.504411.30:mRNA-p1	iECDH1ME8569_1439.ECDH1ME8569_0048	35.5	152	83	6	27	173	5	146	1.4e-11	68.9
TcCLB.504411.30:mRNA-p1	iEC042_1314.EC042_0053	35.5	152	83	6	27	173	5	146	1.4e-11	68.9
TcCLB.504411.30:mRNA-p1	iG2583_1286.G2583_0053	35.5	152	83	6	27	173	5	146	1.4e-11	68.9
TcCLB.504411.30:mRNA-p1	iEcDH1_1363.EcDH1_3550	35.5	152	83	6	27	173	5	146	1.4e-11	68.9
TcCLB.505051.30:mRNA-p1	iRC1080.CRv4_Au5_s12_g3513_t1	51.8	112	47	2	50	161	67	171	2.7e-27	120.6
TcCLB.505051.30:mRNA-p1	iMM904.YOL097C	46.4	112	54	2	50	161	78	183	4.5e-22	103.2
TcCLB.505051.30:mRNA-p1	iND750.YOL097C	46.4	112	54	2	50	161	78	183	4.5e-22	103.2
TcCLB.505615.20:pseudogenic_transcript-p1	iRC1080.CRv4_Au5_s14_g5292_t1	33.7	264	150	10	41	290	10	262	9.3e-22	103.2
TcCLB.505615.20:pseudogenic_transcript-p1	iRC1080.CRv4_Au5_s6_g12901_t1	28.0	143	91	5	79	214	51	188	1.0e-04	46.6
TcCLB.505757.20:mRNA-p1	iMM904.YCR010C	30.0	160	110	2	10	168	123	281	2.0e-09	61.2
TcCLB.505763.10:mRNA-p1	iRC1080.CRv4_Au5_s3_g10443_t1	42.5	146	76	3	1	142	783	924	2.3e-29	127.5
TcCLB.505763.19:mRNA-p1	iRC1080.CRv4_Au5_s3_g10443_t1	61.6	635	237	5	5	634	29	661	2.8e-213	740.3
TcCLB.505763.19:mRNA-p1	iAF987.Gmet_3497	40.7	622	355	8	6	625	34	643	3.0e-114	411.4
TcCLB.505763.19:mRNA-p1	iMM904.YGL008C	37.9	631	370	9	4	621	84	705	3.2e-108	391.3
TcCLB.505763.19:mRNA-p1	iND750.YGL008C	37.9	631	370	9	4	621	84	705	3.2e-108	391.3
TcCLB.505763.19:mRNA-p1	iAF692.Mbar_A2778	38.3	632	356	13	5	625	28	636	1.4e-106	386.0
TcCLB.505763.19:mRNA-p1	iRC1080.CRv4_Au5_s10_g819_t1	39.3	649	354	11	7	623	39	679	1.8e-106	385.6
TcCLB.505763.19:mRNA-p1	iMM904.YPL036W	37.6	631	372	9	4	621	113	734	1.8e-106	385.6
TcCLB.505763.19:mRNA-p1	iND750.YPL036W	37.6	631	372	9	4	621	113	734	1.8e-106	385.6
TcCLB.505763.19:mRNA-p1	iAF692.Mbar_A2777	39.0	582	329	11	51	625	5	567	5.2e-98	357.5
TcCLB.505763.19:mRNA-p1	iYO844.BSU15650	28.4	703	418	15	6	631	21	715	1.3e-64	246.5
TcCLB.505763.19:mRNA-p1	iUTI89_1310.UTI89_C4847	29.8	671	404	15	6	625	62	716	7.1e-63	240.7
TcCLB.505763.19:mRNA-p1	iECED1_1282.ECED1_5097	29.8	671	404	15	6	625	62	716	7.1e-63	240.7
TcCLB.505763.19:mRNA-p1	iECSF_1327.ECSF_4131	29.8	671	404	15	6	625	62	716	7.1e-63	240.7
TcCLB.505763.19:mRNA-p1	iECOK1_1307.ECOK1_4759	29.8	671	404	15	6	625	62	716	7.1e-63	240.7
TcCLB.505763.19:mRNA-p1	iEC55989_1330.EC55989_4800	29.8	671	404	15	6	625	62	716	7.1e-63	240.7
TcCLB.505763.19:mRNA-p1	iNRG857_1313.NRG857_21580	29.8	671	404	15	6	625	62	716	7.1e-63	240.7
TcCLB.505763.19:mRNA-p1	iECP_1309.ECP_4492	29.8	671	404	15	6	625	62	716	7.1e-63	240.7
TcCLB.505763.19:mRNA-p1	iECABU_c1320.ECABU_c48080	29.8	671	404	15	6	625	62	716	7.1e-63	240.7
TcCLB.505763.19:mRNA-p1	iUMN146_1321.UM146_21475	29.8	671	404	15	6	625	62	716	7.1e-63	240.7
TcCLB.505763.19:mRNA-p1	iLF82_1304.LF82_1343	29.8	671	404	15	6	625	62	716	7.1e-63	240.7
TcCLB.505763.19:mRNA-p1	ic_1306.c5341	29.8	671	404	15	6	625	62	716	7.1e-63	240.7
TcCLB.505763.19:mRNA-p1	iE2348C_1286.E2348C_4568	29.8	671	404	15	6	625	62	716	7.1e-63	240.7
TcCLB.505763.19:mRNA-p1	iAPECO1_1312.APECO1_2150	29.8	671	404	15	6	625	62	716	7.1e-63	240.7
TcCLB.505763.19:mRNA-p1	iSDY_1059.SDY_4261	29.8	671	404	15	6	625	62	716	1.2e-62	240.0
TcCLB.505763.19:mRNA-p1	iEcHS_1320.EcHS_A4497	29.8	671	404	15	6	625	62	716	1.2e-62	240.0
TcCLB.505919.31:pseudogenic_transcript-p1	iMM904.YFR019W	37.7	61	37	1	30	90	237	296	2.4e-06	52.0
TcCLB.505919.31:pseudogenic_transcript-p1	iND750.YFR019W	37.7	61	37	1	30	90	237	296	2.4e-06	52.0
TcCLB.505919.70:pseudogenic_transcript-p1	iNJ661.Rv1832	32.8	866	515	14	95	939	86	905	1.7e-113	409.5
TcCLB.505919.70:pseudogenic_transcript-p1	iPC815.YPO0905	31.7	887	498	15	104	939	94	923	8.5e-105	380.6
TcCLB.505919.70:pseudogenic_transcript-p1	iJN678.gcvP	51.0	359	173	1	593	948	596	954	3.6e-103	375.2
TcCLB.505919.70:pseudogenic_transcript-p1	iJN746.PP_0988	52.4	347	159	2	593	939	573	913	2.6e-101	369.0
TcCLB.505919.70:pseudogenic_transcript-p1	iJN746.PP_5192	32.6	894	495	18	104	948	96	930	2.2e-100	365.9
TcCLB.505919.70:pseudogenic_transcript-p1	iRC1080.CRv4_Au5_s12_g3759_t1	50.3	362	174	1	593	948	645	1006	3.7e-100	365.2
TcCLB.505919.70:pseudogenic_transcript-p1	iSbBS512_1146.SbBS512_E3324	51.1	348	169	1	593	940	578	924	9.1e-99	360.5
TcCLB.505919.70:pseudogenic_transcript-p1	iECIAI39_1322.ECIAI39_3318	51.1	348	169	1	593	940	578	924	1.2e-98	360.1
TcCLB.505919.70:pseudogenic_transcript-p1	iMM904.YMR189W	52.3	363	162	7	594	948	644	1003	1.2e-98	360.1
TcCLB.505919.70:pseudogenic_transcript-p1	iND750.YMR189W	52.3	363	162	7	594	948	644	1003	1.2e-98	360.1
TcCLB.505919.70:pseudogenic_transcript-p1	iECO26_1355.ECO26_3992	51.1	348	169	1	593	940	578	924	1.6e-98	359.8
TcCLB.505919.70:pseudogenic_transcript-p1	iEcE24377_1341.EcE24377A_3230	51.1	348	169	1	593	940	578	924	1.6e-98	359.8
TcCLB.505919.70:pseudogenic_transcript-p1	iECP_1309.ECP_2896	51.1	348	169	1	593	940	578	924	1.6e-98	359.8
TcCLB.505919.70:pseudogenic_transcript-p1	iECSE_1348.ECSE_3166	51.1	348	169	1	593	940	578	924	1.6e-98	359.8
TcCLB.505919.70:pseudogenic_transcript-p1	iSFxv_1172.SFxv_3168	51.1	348	169	1	593	940	578	924	1.6e-98	359.8
TcCLB.505919.70:pseudogenic_transcript-p1	iECSP_1301.ECSP_3870	51.1	348	169	1	593	940	578	924	1.6e-98	359.8
TcCLB.505919.70:pseudogenic_transcript-p1	iECIAI1_1343.ECIAI1_3022	51.1	348	169	1	593	940	578	924	1.6e-98	359.8
TcCLB.505919.70:pseudogenic_transcript-p1	iECBD_1354.ECBD_0834	51.1	348	169	1	593	940	578	924	1.6e-98	359.8
TcCLB.505919.70:pseudogenic_transcript-p1	iYL1228.KPN_03339	51.1	348	169	1	593	940	578	924	1.6e-98	359.8
TcCLB.505919.70:pseudogenic_transcript-p1	iECD_1391.ECD_02735	51.1	348	169	1	593	940	578	924	1.6e-98	359.8
TcCLB.505919.70:pseudogenic_transcript-p1	iNRG857_1313.NRG857_14250	51.1	348	169	1	593	940	578	924	1.6e-98	359.8
TcCLB.505919.70:pseudogenic_transcript-p1	iECs_1301.ECs3774	51.1	348	169	1	593	940	578	924	1.6e-98	359.8
TcCLB.505919.70:pseudogenic_transcript-p1	iEcSMS35_1347.EcSMS35_3035	51.1	348	169	1	593	940	578	924	1.6e-98	359.8
TcCLB.505919.70:pseudogenic_transcript-p1	iWFL_1372.ECW_m3156	51.1	348	169	1	593	940	578	924	1.6e-98	359.8
TcCLB.505919.70:pseudogenic_transcript-p1	iECS88_1305.ECS88_3182	51.1	348	169	1	593	940	578	924	1.6e-98	359.8
TcCLB.506169.10:pseudogenic_transcript-p1	iJN746.PP_0988	39.3	583	329	10	2	575	376	942	1.4e-110	399.1
TcCLB.506169.10:pseudogenic_transcript-p1	iYL1228.KPN_03339	39.4	578	324	10	10	575	387	950	5.9e-109	393.7
TcCLB.506169.10:pseudogenic_transcript-p1	iPC815.YPO0905	38.0	587	340	9	1	575	378	952	3.2e-107	387.9
TcCLB.506169.10:pseudogenic_transcript-p1	iNJ661.Rv1832	39.3	583	321	10	2	575	376	934	3.6e-106	384.4
TcCLB.506169.10:pseudogenic_transcript-p1	iJN678.gcvP	37.8	590	337	10	3	575	398	974	6.1e-106	383.6
TcCLB.506169.10:pseudogenic_transcript-p1	iECSF_1327.ECSF_2697	38.8	577	329	9	10	575	387	950	1.1e-104	379.4
TcCLB.506169.10:pseudogenic_transcript-p1	iECIAI39_1322.ECIAI39_3318	38.6	578	329	10	10	575	387	950	1.5e-104	379.0
TcCLB.506169.10:pseudogenic_transcript-p1	iSBO_1134.SBO_3089	38.6	577	330	9	10	575	387	950	2.0e-104	378.6
TcCLB.506169.10:pseudogenic_transcript-p1	iSbBS512_1146.SbBS512_E3324	38.6	577	330	9	10	575	387	950	2.0e-104	378.6
TcCLB.506169.10:pseudogenic_transcript-p1	iECNA114_1301.ECNA114_2945	38.8	577	329	9	10	575	387	950	2.0e-104	378.6
TcCLB.506169.10:pseudogenic_transcript-p1	iNRG857_1313.NRG857_14250	38.5	577	331	9	10	575	387	950	2.6e-104	378.3
TcCLB.506169.10:pseudogenic_transcript-p1	iECS88_1305.ECS88_3182	38.5	577	331	9	10	575	387	950	2.6e-104	378.3
TcCLB.506169.10:pseudogenic_transcript-p1	iUMN146_1321.UM146_02010	38.5	577	331	9	10	575	387	950	2.6e-104	378.3
TcCLB.506169.10:pseudogenic_transcript-p1	iECOK1_1307.ECOK1_3289	38.5	577	331	9	10	575	387	950	2.6e-104	378.3
TcCLB.506169.10:pseudogenic_transcript-p1	iECED1_1282.ECED1_3361	38.6	577	330	9	10	575	387	950	2.6e-104	378.3
TcCLB.506169.10:pseudogenic_transcript-p1	iLF82_1304.LF82_0820	38.5	577	331	9	10	575	387	950	2.6e-104	378.3
TcCLB.506169.10:pseudogenic_transcript-p1	iUTI89_1310.UTI89_C3288	38.5	577	331	9	10	575	387	950	2.6e-104	378.3
TcCLB.506169.10:pseudogenic_transcript-p1	iE2348C_1286.E2348C_3155	38.6	577	330	9	10	575	387	950	2.6e-104	378.3
TcCLB.506169.10:pseudogenic_transcript-p1	iAPECO1_1312.APECO1_3625	38.5	577	331	9	10	575	387	950	2.6e-104	378.3
TcCLB.506169.10:pseudogenic_transcript-p1	iECP_1309.ECP_2896	38.6	577	330	9	10	575	387	950	3.3e-104	377.9
TcCLB.506169.10:pseudogenic_transcript-p1	iECSP_1301.ECSP_3870	38.6	577	330	9	10	575	387	950	4.4e-104	377.5
TcCLB.506169.10:pseudogenic_transcript-p1	iECs_1301.ECs3774	38.6	577	330	9	10	575	387	950	4.4e-104	377.5
TcCLB.506169.10:pseudogenic_transcript-p1	iEC042_1314.EC042_3114	38.6	577	330	9	10	575	415	978	4.4e-104	377.5
TcCLB.506169.10:pseudogenic_transcript-p1	iSDY_1059.SDY_3178	38.6	577	330	9	10	575	387	950	4.4e-104	377.5
TcCLB.506169.10:pseudogenic_transcript-p1	iECH74115_1262.ECH74115_4194	38.6	577	330	9	10	575	387	950	4.4e-104	377.5
TcCLB.506261.10:mRNA-p1	iRC1080.CRv4_Au5_s12_g3222_t1	33.5	567	352	8	141	695	102	655	9.0e-80	297.0
TcCLB.506261.10:mRNA-p1	iRC1080.CRv4_Au5_s3_g10787_t1	31.1	586	371	12	129	694	66	638	2.5e-74	278.9
TcCLB.506261.10:mRNA-p1	iMM904.YIL009W	29.6	641	399	14	90	692	52	678	2.7e-68	258.8
TcCLB.506261.10:mRNA-p1	iND750.YIL009W	29.6	641	399	14	90	692	52	678	2.7e-68	258.8
TcCLB.506261.10:mRNA-p1	iMM904.YOR317W	28.9	648	404	15	89	692	51	685	5.1e-67	254.6
TcCLB.506261.10:mRNA-p1	iND750.YOR317W	28.9	648	404	15	89	692	51	685	5.1e-67	254.6
TcCLB.506261.10:mRNA-p1	iND750.YMR246W	28.1	641	409	14	90	692	52	678	1.2e-63	243.4
TcCLB.506261.10:mRNA-p1	iMM904.YMR246W	28.1	641	409	14	90	692	52	678	1.2e-63	243.4
TcCLB.506261.10:mRNA-p1	iRC1080.CRv4_Au5_s13_g4399_t1	27.7	564	383	10	147	695	97	650	1.2e-60	233.4
TcCLB.506261.10:mRNA-p1	iMM904.YER015W	26.9	573	368	19	158	694	166	723	2.3e-35	149.4
TcCLB.506261.10:mRNA-p1	iND750.YER015W	26.9	573	368	19	158	694	166	723	2.3e-35	149.4
TcCLB.506261.10:mRNA-p1	iAF987.Gmet_1613	32.1	333	181	11	262	585	135	431	1.0e-27	124.0
TcCLB.506261.10:mRNA-p1	iAF987.Gmet_1469	30.0	323	176	11	274	586	230	512	3.7e-25	115.5
TcCLB.506261.10:mRNA-p1	iYO844.BSU10270	23.2	496	294	19	112	588	8	435	1.0e-19	97.4
TcCLB.506261.10:mRNA-p1	iYO844.BSU18250	23.3	484	294	13	130	591	37	465	9.7e-18	90.9
TcCLB.506261.10:mRNA-p1	iAF987.Gmet_2692	24.9	474	266	17	145	588	49	462	9.7e-18	90.9
TcCLB.506261.10:mRNA-p1	iRC1080.CRv4_Au5_s6_g13391_t1	23.5	519	264	17	273	695	289	770	4.8e-17	88.6
TcCLB.506261.10:mRNA-p1	iAF987.Gmet_2252	24.1	266	165	8	416	662	290	537	2.0e-10	66.6
TcCLB.506261.10:mRNA-p1	iHN637.CLJU_RS19395	23.1	416	234	16	175	566	84	437	2.8e-09	62.8
TcCLB.506261.10:mRNA-p1	iYO844.BSU30790	27.3	128	91	2	437	564	257	382	7.0e-08	58.2
TcCLB.506261.10:mRNA-p1	iSB619.SA_RS09085	21.7	299	172	10	271	568	161	398	1.7e-06	53.5
TcCLB.506261.10:mRNA-p1	iSB619.SA_RS13745	23.6	305	170	11	268	564	167	416	1.9e-05	50.1
TcCLB.506261.10:mRNA-p1	iECUMN_1333.ECUMN_4605	21.0	205	146	4	126	320	103	301	5.5e-05	48.5
TcCLB.506261.10:mRNA-p1	iYL1228.KPN_04478	20.0	205	148	4	126	320	103	301	7.2e-05	48.1
TcCLB.506261.10:mRNA-p1	iJN678.acs	24.6	179	120	4	127	294	110	284	9.5e-05	47.8
TcCLB.506349.40:pseudogenic_transcript-p1	iJN746.PP_0988	33.1	983	569	20	22	964	9	942	5.0e-121	434.5
TcCLB.506349.40:pseudogenic_transcript-p1	iJN678.gcvP	32.2	986	584	21	22	964	31	974	2.5e-120	432.2
TcCLB.506349.40:pseudogenic_transcript-p1	iNJ661.Rv1832	31.9	994	562	23	22	964	5	934	7.5e-117	420.6
TcCLB.506349.40:pseudogenic_transcript-p1	iPC815.YPO0905	32.0	987	581	18	22	964	12	952	4.9e-116	417.9
TcCLB.506349.40:pseudogenic_transcript-p1	iRC1080.CRv4_Au5_s12_g3759_t1	32.3	999	566	23	21	961	77	1023	1.4e-115	416.4
TcCLB.506349.40:pseudogenic_transcript-p1	iYL1228.KPN_03339	31.7	994	573	23	22	964	12	950	1.6e-114	412.9
TcCLB.506349.40:pseudogenic_transcript-p1	iEcHS_1320.EcHS_A3062	31.2	999	573	22	21	964	11	950	1.1e-112	406.8
TcCLB.506349.40:pseudogenic_transcript-p1	iNRG857_1313.NRG857_14250	31.1	999	574	22	21	964	11	950	1.5e-112	406.4
TcCLB.506349.40:pseudogenic_transcript-p1	iECS88_1305.ECS88_3182	31.1	999	574	22	21	964	11	950	1.5e-112	406.4
TcCLB.506349.40:pseudogenic_transcript-p1	iUMN146_1321.UM146_02010	31.1	999	574	22	21	964	11	950	1.5e-112	406.4
TcCLB.506349.40:pseudogenic_transcript-p1	iECOK1_1307.ECOK1_3289	31.1	999	574	22	21	964	11	950	1.5e-112	406.4
TcCLB.506349.40:pseudogenic_transcript-p1	iLF82_1304.LF82_0820	31.1	999	574	22	21	964	11	950	1.5e-112	406.4
TcCLB.506349.40:pseudogenic_transcript-p1	iUTI89_1310.UTI89_C3288	31.1	999	574	22	21	964	11	950	1.5e-112	406.4
TcCLB.506349.40:pseudogenic_transcript-p1	iECABU_c1320.ECABU_c31840	31.4	1004	565	25	21	964	11	950	1.9e-112	406.0
TcCLB.506349.40:pseudogenic_transcript-p1	ic_1306.c3483	31.4	1004	565	25	21	964	11	950	1.9e-112	406.0
TcCLB.506349.40:pseudogenic_transcript-p1	iEcolC_1368.EcolC_0806	31.1	999	574	22	21	964	11	950	2.5e-112	405.6
TcCLB.506349.40:pseudogenic_transcript-p1	iAPECO1_1312.APECO1_3625	31.1	999	574	22	21	964	11	950	2.5e-112	405.6
TcCLB.506349.40:pseudogenic_transcript-p1	iECSP_1301.ECSP_3870	31.1	999	574	22	21	964	11	950	3.3e-112	405.2
TcCLB.506349.40:pseudogenic_transcript-p1	iECs_1301.ECs3774	31.1	999	574	22	21	964	11	950	3.3e-112	405.2
TcCLB.506349.40:pseudogenic_transcript-p1	iEC042_1314.EC042_3114	31.1	999	574	22	21	964	39	978	3.3e-112	405.2
TcCLB.506349.40:pseudogenic_transcript-p1	iECIAI39_1322.ECIAI39_3318	31.1	999	574	22	21	964	11	950	3.3e-112	405.2
TcCLB.506349.40:pseudogenic_transcript-p1	iECH74115_1262.ECH74115_4194	31.1	999	574	22	21	964	11	950	3.3e-112	405.2
TcCLB.506349.40:pseudogenic_transcript-p1	iECO26_1355.ECO26_3992	31.1	999	574	22	21	964	11	950	4.3e-112	404.8
TcCLB.506349.40:pseudogenic_transcript-p1	iECP_1309.ECP_2896	31.0	989	588	20	21	964	11	950	4.3e-112	404.8
TcCLB.506349.40:pseudogenic_transcript-p1	iECSE_1348.ECSE_3166	31.1	999	574	22	21	964	11	950	4.3e-112	404.8
TcCLB.506381.20:pseudogenic_transcript-p1	iNJ661.Rv1832	52.5	40	19	0	16	55	895	934	1.0e-06	50.8
TcCLB.506381.20:pseudogenic_transcript-p1	iYL1228.KPN_03339	58.6	29	12	0	27	55	922	950	5.0e-06	48.5
TcCLB.506381.20:pseudogenic_transcript-p1	iPC815.YPO0905	45.0	40	22	0	16	55	913	952	6.6e-06	48.1
TcCLB.506381.20:pseudogenic_transcript-p1	iJN746.PP_5192	45.7	35	19	0	21	55	916	950	9.5e-05	44.3
TcCLB.506381.20:pseudogenic_transcript-p1	iECO26_1355.ECO26_3992	68.2	22	7	0	34	55	929	950	1.6e-04	43.5
TcCLB.506381.20:pseudogenic_transcript-p1	iEcE24377_1341.EcE24377A_3230	68.2	22	7	0	34	55	929	950	1.6e-04	43.5
TcCLB.506381.20:pseudogenic_transcript-p1	iECP_1309.ECP_2896	68.2	22	7	0	34	55	929	950	1.6e-04	43.5
TcCLB.506381.20:pseudogenic_transcript-p1	iECSE_1348.ECSE_3166	68.2	22	7	0	34	55	929	950	1.6e-04	43.5
TcCLB.506381.20:pseudogenic_transcript-p1	iSFxv_1172.SFxv_3168	68.2	22	7	0	34	55	929	950	1.6e-04	43.5
TcCLB.506381.20:pseudogenic_transcript-p1	iECSP_1301.ECSP_3870	68.2	22	7	0	34	55	929	950	1.6e-04	43.5
TcCLB.506381.20:pseudogenic_transcript-p1	iSBO_1134.SBO_3089	68.2	22	7	0	34	55	929	950	1.6e-04	43.5
TcCLB.506381.20:pseudogenic_transcript-p1	iECIAI1_1343.ECIAI1_3022	68.2	22	7	0	34	55	929	950	1.6e-04	43.5
TcCLB.506381.20:pseudogenic_transcript-p1	iECBD_1354.ECBD_0834	68.2	22	7	0	34	55	929	950	1.6e-04	43.5
TcCLB.506381.20:pseudogenic_transcript-p1	iECD_1391.ECD_02735	68.2	22	7	0	34	55	929	950	1.6e-04	43.5
TcCLB.506381.20:pseudogenic_transcript-p1	iNRG857_1313.NRG857_14250	68.2	22	7	0	34	55	929	950	1.6e-04	43.5
TcCLB.506381.20:pseudogenic_transcript-p1	iECs_1301.ECs3774	68.2	22	7	0	34	55	929	950	1.6e-04	43.5
TcCLB.506381.20:pseudogenic_transcript-p1	iEcSMS35_1347.EcSMS35_3035	68.2	22	7	0	34	55	929	950	1.6e-04	43.5
TcCLB.506381.20:pseudogenic_transcript-p1	iWFL_1372.ECW_m3156	68.2	22	7	0	34	55	929	950	1.6e-04	43.5
TcCLB.506381.20:pseudogenic_transcript-p1	iECS88_1305.ECS88_3182	68.2	22	7	0	34	55	929	950	1.6e-04	43.5
TcCLB.506381.20:pseudogenic_transcript-p1	iETEC_1333.ETEC_3096	68.2	22	7	0	34	55	929	950	1.6e-04	43.5
TcCLB.506381.20:pseudogenic_transcript-p1	iECABU_c1320.ECABU_c31840	68.2	22	7	0	34	55	929	950	1.6e-04	43.5
TcCLB.506381.20:pseudogenic_transcript-p1	iECSF_1327.ECSF_2697	68.2	22	7	0	34	55	929	950	1.6e-04	43.5
TcCLB.506381.20:pseudogenic_transcript-p1	iEcolC_1368.EcolC_0806	68.2	22	7	0	34	55	929	950	1.6e-04	43.5
TcCLB.506381.20:pseudogenic_transcript-p1	iEcHS_1320.EcHS_A3062	68.2	22	7	0	34	55	929	950	1.6e-04	43.5
TcCLB.506381.20:pseudogenic_transcript-p1	iY75_1357.Y75_RS15100	68.2	22	7	0	34	55	929	950	1.6e-04	43.5
TcCLB.506417.10:pseudogenic_transcript-p1	iMM904.YDR135C	30.2	701	371	13	311	980	345	958	9.8e-66	251.5
TcCLB.506417.10:pseudogenic_transcript-p1	iRC1080.CRv4_Au5_s4_g11849_t1	44.1	188	101	3	699	882	760	947	9.5e-37	155.2
TcCLB.506417.10:pseudogenic_transcript-p1	iMM904.YLL048C	44.2	206	97	3	696	883	712	917	2.1e-36	154.1
TcCLB.506417.10:pseudogenic_transcript-p1	iNJ661.Rv1349	32.5	209	126	4	695	889	348	555	4.3e-21	103.2
TcCLB.506417.10:pseudogenic_transcript-p1	iAF987.Gmet_2349	28.7	216	139	3	688	889	342	556	1.6e-20	101.3
TcCLB.506417.10:pseudogenic_transcript-p1	iSF_1195.SF0910	27.8	209	135	3	696	889	359	566	6.2e-20	99.4
TcCLB.506417.10:pseudogenic_transcript-p1	iG2583_1286.G2583_1149	27.8	209	135	3	696	889	359	566	6.2e-20	99.4
TcCLB.506417.10:pseudogenic_transcript-p1	iECS88_1305.ECS88_0942	27.8	209	135	3	696	889	359	566	6.2e-20	99.4
TcCLB.506417.10:pseudogenic_transcript-p1	iWFL_1372.ECW_m1024	27.8	209	135	3	696	889	359	566	6.2e-20	99.4
TcCLB.506417.10:pseudogenic_transcript-p1	iSFxv_1172.SFxv_0985	27.8	209	135	3	696	889	359	566	6.2e-20	99.4
TcCLB.506417.10:pseudogenic_transcript-p1	iNRG857_1313.NRG857_04165	27.8	209	135	3	696	889	359	566	6.2e-20	99.4
TcCLB.506417.10:pseudogenic_transcript-p1	iECO103_1326.ECO103_0957	27.8	209	135	3	696	889	359	566	6.2e-20	99.4
TcCLB.506417.10:pseudogenic_transcript-p1	iEcDH1_1363.EcDH1_2729	27.8	209	135	3	696	889	359	566	6.2e-20	99.4
TcCLB.506417.10:pseudogenic_transcript-p1	iSBO_1134.SBO_2202	27.8	209	135	3	696	889	359	566	6.2e-20	99.4
TcCLB.506417.10:pseudogenic_transcript-p1	iZ_1308.Z1260	27.8	209	135	3	696	889	359	566	6.2e-20	99.4
TcCLB.506417.10:pseudogenic_transcript-p1	iECSP_1301.ECSP_1018	27.8	209	135	3	696	889	359	566	6.2e-20	99.4
TcCLB.506417.10:pseudogenic_transcript-p1	iEcE24377_1341.EcE24377A_1012	27.8	209	135	3	696	889	359	566	6.2e-20	99.4
TcCLB.506417.10:pseudogenic_transcript-p1	iECUMN_1333.ECUMN_1107	27.8	209	135	3	696	889	359	566	6.2e-20	99.4
TcCLB.506417.10:pseudogenic_transcript-p1	iECSE_1348.ECSE_0973	27.8	209	135	3	696	889	359	566	6.2e-20	99.4
TcCLB.506417.10:pseudogenic_transcript-p1	iUMN146_1321.UM146_12980	27.8	209	135	3	696	889	359	566	6.2e-20	99.4
TcCLB.506417.10:pseudogenic_transcript-p1	iECW_1372.ECW_m1024	27.8	209	135	3	696	889	359	566	6.2e-20	99.4
TcCLB.506417.10:pseudogenic_transcript-p1	iUMNK88_1353.UMNK88_1067	27.8	209	135	3	696	889	359	566	6.2e-20	99.4
TcCLB.506417.10:pseudogenic_transcript-p1	iSFV_1184.SFV_0915	27.8	209	135	3	696	889	359	566	6.2e-20	99.4
TcCLB.506417.10:pseudogenic_transcript-p1	iEC042_1314.EC042_1004	27.8	209	135	3	696	889	359	566	6.2e-20	99.4
TcCLB.506417.10:pseudogenic_transcript-p1	iECSF_1327.ECSF_0835	27.8	209	135	3	696	889	359	566	6.2e-20	99.4
TcCLB.506417.83:pseudogenic_transcript-p1	iMM904.YDR135C	53.0	132	62	0	35	166	656	787	7.5e-33	139.0
TcCLB.506417.83:pseudogenic_transcript-p1	iRC1080.CRv4_Au5_s4_g11849_t1	48.3	143	73	1	25	166	757	899	2.2e-32	137.5
TcCLB.506417.83:pseudogenic_transcript-p1	iMM904.YLL048C	45.0	160	68	2	22	165	713	868	3.5e-30	130.2
TcCLB.506417.83:pseudogenic_transcript-p1	iNJ661.Rv1349	33.3	150	86	3	29	164	353	502	9.2e-15	79.0
TcCLB.506417.83:pseudogenic_transcript-p1	iAF987.Gmet_2349	30.7	166	95	3	12	163	343	502	1.6e-14	78.2
TcCLB.506417.83:pseudogenic_transcript-p1	iECED1_1282.ECED1_2247	30.1	143	86	2	35	163	370	512	2.9e-13	73.9
TcCLB.506417.83:pseudogenic_transcript-p1	iECNA114_1301.ECNA114_2043	30.1	143	86	2	35	163	340	482	5.0e-13	73.2
TcCLB.506417.83:pseudogenic_transcript-p1	iECSF_1327.ECSF_1828	30.8	143	85	2	35	163	370	512	5.0e-13	73.2
TcCLB.506417.83:pseudogenic_transcript-p1	iECUMN_1333.ECUMN_2271	30.1	143	86	2	35	163	370	512	6.6e-13	72.8
TcCLB.506417.83:pseudogenic_transcript-p1	iEC55989_1330.EC55989_2205	30.1	143	86	2	35	163	370	512	6.6e-13	72.8
TcCLB.506417.83:pseudogenic_transcript-p1	iLF82_1304.LF82_298	30.1	143	86	2	35	163	370	512	6.6e-13	72.8
TcCLB.506417.83:pseudogenic_transcript-p1	iECOK1_1307.ECOK1_2147	30.1	143	86	2	35	163	340	482	6.6e-13	72.8
TcCLB.506417.83:pseudogenic_transcript-p1	iETEC_1333.ETEC_2079	30.1	143	86	2	35	163	370	512	6.6e-13	72.8
TcCLB.506417.83:pseudogenic_transcript-p1	iEC042_1314.EC042_2211	30.1	143	86	2	35	163	370	512	6.6e-13	72.8
TcCLB.506417.83:pseudogenic_transcript-p1	iECABU_c1320.ECABU_c22390	30.1	143	86	2	35	163	340	482	6.6e-13	72.8
TcCLB.506417.83:pseudogenic_transcript-p1	iECIAI39_1322.ECIAI39_1077	30.1	143	86	2	35	163	370	512	6.6e-13	72.8
TcCLB.506417.83:pseudogenic_transcript-p1	iUTI89_1310.UTI89_C2181	30.1	143	86	2	35	163	370	512	6.6e-13	72.8
TcCLB.506417.83:pseudogenic_transcript-p1	iNRG857_1313.NRG857_09880	30.1	143	86	2	35	163	340	482	6.6e-13	72.8
TcCLB.506417.83:pseudogenic_transcript-p1	iUMN146_1321.UM146_07300	30.1	143	86	2	35	163	340	482	6.6e-13	72.8
TcCLB.506417.83:pseudogenic_transcript-p1	iECP_1309.ECP_1940	30.1	143	86	2	35	163	340	482	6.6e-13	72.8
TcCLB.506417.83:pseudogenic_transcript-p1	iYL1228.KPN_00941	29.9	147	88	2	32	163	366	512	6.6e-13	72.8
TcCLB.506417.83:pseudogenic_transcript-p1	iECS88_1305.ECS88_2035	30.1	143	86	2	35	163	370	512	6.6e-13	72.8
TcCLB.506417.83:pseudogenic_transcript-p1	iPC815.YPO1395	31.8	154	90	3	25	163	359	512	6.6e-13	72.8
TcCLB.506417.83:pseudogenic_transcript-p1	iAPECO1_1312.APECO1_1056	30.1	143	86	2	35	163	370	512	6.6e-13	72.8
TcCLB.506417.83:pseudogenic_transcript-p1	ic_1306.c2422	30.1	143	86	2	35	163	370	512	6.6e-13	72.8
TcCLB.506843.50:pseudogenic_transcript-p1	iJN746.PP_0988	53.6	317	139	3	651	965	632	942	3.6e-95	348.6
TcCLB.506843.50:pseudogenic_transcript-p1	iJN678.gcvP	52.5	318	148	1	651	965	657	974	6.2e-95	347.8
TcCLB.506843.50:pseudogenic_transcript-p1	iRC1080.CRv4_Au5_s12_g3759_t1	53.1	318	143	1	651	962	706	1023	3.1e-94	345.5
TcCLB.506843.50:pseudogenic_transcript-p1	iNJ661.Rv1832	53.2	310	142	1	656	965	628	934	5.2e-94	344.7
TcCLB.506843.50:pseudogenic_transcript-p1	iPC815.YPO0905	53.2	308	143	1	658	965	646	952	1.7e-92	339.7
TcCLB.506843.50:pseudogenic_transcript-p1	iSbBS512_1146.SbBS512_E3324	52.4	315	147	2	651	965	639	950	2.2e-92	339.3
TcCLB.506843.50:pseudogenic_transcript-p1	iECIAI39_1322.ECIAI39_3318	52.4	315	147	2	651	965	639	950	2.9e-92	339.0
TcCLB.506843.50:pseudogenic_transcript-p1	iECO26_1355.ECO26_3992	52.4	315	147	2	651	965	639	950	3.8e-92	338.6
TcCLB.506843.50:pseudogenic_transcript-p1	iEcE24377_1341.EcE24377A_3230	52.4	315	147	2	651	965	639	950	3.8e-92	338.6
TcCLB.506843.50:pseudogenic_transcript-p1	iECP_1309.ECP_2896	52.4	315	147	2	651	965	639	950	3.8e-92	338.6
TcCLB.506843.50:pseudogenic_transcript-p1	iECSE_1348.ECSE_3166	52.4	315	147	2	651	965	639	950	3.8e-92	338.6
TcCLB.506843.50:pseudogenic_transcript-p1	iSFxv_1172.SFxv_3168	52.4	315	147	2	651	965	639	950	3.8e-92	338.6
TcCLB.506843.50:pseudogenic_transcript-p1	iECSP_1301.ECSP_3870	52.4	315	147	2	651	965	639	950	3.8e-92	338.6
TcCLB.506843.50:pseudogenic_transcript-p1	iECIAI1_1343.ECIAI1_3022	52.4	315	147	2	651	965	639	950	3.8e-92	338.6
TcCLB.506843.50:pseudogenic_transcript-p1	iECBD_1354.ECBD_0834	52.4	315	147	2	651	965	639	950	3.8e-92	338.6
TcCLB.506843.50:pseudogenic_transcript-p1	iECD_1391.ECD_02735	52.4	315	147	2	651	965	639	950	3.8e-92	338.6
TcCLB.506843.50:pseudogenic_transcript-p1	iNRG857_1313.NRG857_14250	52.4	315	147	2	651	965	639	950	3.8e-92	338.6
TcCLB.506843.50:pseudogenic_transcript-p1	iECs_1301.ECs3774	52.4	315	147	2	651	965	639	950	3.8e-92	338.6
TcCLB.506843.50:pseudogenic_transcript-p1	iEcSMS35_1347.EcSMS35_3035	52.4	315	147	2	651	965	639	950	3.8e-92	338.6
TcCLB.506843.50:pseudogenic_transcript-p1	iWFL_1372.ECW_m3156	52.4	315	147	2	651	965	639	950	3.8e-92	338.6
TcCLB.506843.50:pseudogenic_transcript-p1	iECS88_1305.ECS88_3182	52.4	315	147	2	651	965	639	950	3.8e-92	338.6
TcCLB.506843.50:pseudogenic_transcript-p1	iETEC_1333.ETEC_3096	52.4	315	147	2	651	965	639	950	3.8e-92	338.6
TcCLB.506843.50:pseudogenic_transcript-p1	iECABU_c1320.ECABU_c31840	52.4	315	147	2	651	965	639	950	3.8e-92	338.6
TcCLB.506843.50:pseudogenic_transcript-p1	iECSF_1327.ECSF_2697	52.4	315	147	2	651	965	639	950	3.8e-92	338.6
TcCLB.506843.50:pseudogenic_transcript-p1	iEcolC_1368.EcolC_0806	52.4	315	147	2	651	965	639	950	3.8e-92	338.6
TcCLB.506843.75:pseudogenic_transcript-p1	iMM904.YFR019W	37.9	58	35	1	45	102	240	296	3.6e-05	48.1
TcCLB.506843.75:pseudogenic_transcript-p1	iND750.YFR019W	37.9	58	35	1	45	102	240	296	3.6e-05	48.1
TcCLB.507153.40:pseudogenic_transcript-p1	iRC1080.CRv4_Au5_s12_g3513_t1	45.6	204	98	5	20	222	44	235	3.8e-43	174.5
TcCLB.507153.40:pseudogenic_transcript-p1	iMM904.YOL097C	47.7	174	84	3	42	214	76	243	1.3e-38	159.5
TcCLB.507153.40:pseudogenic_transcript-p1	iND750.YOL097C	47.7	174	84	3	42	214	76	243	1.3e-38	159.5
TcCLB.508331.41:pseudogenic_transcript-p1	iRC1080.CRv4_Au5_s12_g3513_t1	41.6	185	94	5	210	389	223	398	9.7e-31	133.3
TcCLB.508331.41:pseudogenic_transcript-p1	iMM904.YOL097C	42.4	158	88	3	229	385	251	406	8.5e-27	120.2
TcCLB.508331.41:pseudogenic_transcript-p1	iND750.YOL097C	42.4	158	88	3	229	385	251	406	8.5e-27	120.2
TcCLB.508331.41:pseudogenic_transcript-p1	iAF692.Mbar_A1374	33.0	106	67	3	256	360	342	444	7.7e-04	43.9
TcCLB.509365.11:pseudogenic_transcript-p1	iRC1080.CRv4_Au5_s12_g3513_t1	36.7	158	86	4	175	322	179	332	1.8e-19	95.5
TcCLB.509365.11:pseudogenic_transcript-p1	iMM904.YOL097C	44.8	96	51	2	229	323	251	345	1.8e-14	79.0
TcCLB.509365.11:pseudogenic_transcript-p1	iND750.YOL097C	44.8	96	51	2	229	323	251	345	1.8e-14	79.0
TcCLB.509367.15:pseudogenic_transcript-p1	iRC1080.CRv4_Au5_s12_g3513_t1	42.4	236	110	5	32	266	17	227	1.0e-47	189.1
TcCLB.509367.15:pseudogenic_transcript-p1	iMM904.YOL097C	41.5	253	118	7	20	266	11	239	2.7e-45	181.0
TcCLB.509367.15:pseudogenic_transcript-p1	iND750.YOL097C	41.5	253	118	7	20	266	11	239	2.7e-45	181.0
TcCLB.509961.51:pseudogenic_transcript-p1	iRC1080.CRv4_Au5_s12_g3513_t1	40.5	111	56	3	311	416	293	398	6.1e-15	80.9
TcCLB.509963.30:pseudogenic_transcript-p1	iRC1080.CRv4_Au5_s12_g3513_t1	41.6	185	94	5	238	417	223	398	9.4e-32	136.7
TcCLB.509963.30:pseudogenic_transcript-p1	iMM904.YOL097C	42.4	158	88	3	257	413	251	406	1.1e-27	123.2
TcCLB.509963.30:pseudogenic_transcript-p1	iND750.YOL097C	42.4	158	88	3	257	413	251	406	1.1e-27	123.2
TcCLB.509963.30:pseudogenic_transcript-p1	iAF692.Mbar_A1374	32.5	120	76	4	284	402	342	457	7.5e-05	47.4
TcCLB.510779.10:pseudogenic_transcript-p1	iRC1080.CRv4_Au5_s12_g3513_t1	40.5	412	213	9	60	469	17	398	2.2e-82	305.1
TcCLB.510779.10:pseudogenic_transcript-p1	iMM904.YOL097C	40.5	425	217	11	48	465	11	406	1.8e-76	285.4
TcCLB.510779.10:pseudogenic_transcript-p1	iND750.YOL097C	40.5	425	217	11	48	465	11	406	1.8e-76	285.4
TcCLB.510779.10:pseudogenic_transcript-p1	iAF692.Mbar_A1745	25.0	232	154	9	161	390	33	246	1.8e-07	56.2
TcCLB.510779.10:pseudogenic_transcript-p1	iAF692.Mbar_A1374	34.0	106	66	3	336	440	342	444	1.1e-04	47.0
TcCLB.510781.30:pseudogenic_transcript-p1	iRC1080.CRv4_Au5_s12_g3513_t1	39.4	348	189	8	50	391	67	398	9.3e-64	243.0
TcCLB.510781.30:pseudogenic_transcript-p1	iMM904.YOL097C	39.1	340	194	7	50	387	78	406	1.9e-56	218.8
TcCLB.510781.30:pseudogenic_transcript-p1	iND750.YOL097C	39.1	340	194	7	50	387	78	406	1.9e-56	218.8
TcCLB.510837.20:mRNA-p1	iYL1228.KPN_01464	38.5	384	228	5	12	394	5	381	2.6e-68	258.1
TcCLB.510837.20:mRNA-p1	iSBO_1134.SBO_3976	33.2	365	221	8	25	385	31	376	6.5e-43	173.7
TcCLB.510837.20:mRNA-p1	iE2348C_1286.E2348C_4269	33.7	365	219	8	25	385	31	376	8.5e-43	173.3
TcCLB.510837.20:mRNA-p1	iSSON_1240.SSON_4130	33.2	365	221	8	25	385	31	376	1.1e-42	172.9
TcCLB.510837.20:mRNA-p1	iECSF_1327.ECSF_3818	33.7	365	219	8	25	385	31	376	1.1e-42	172.9
TcCLB.510837.20:mRNA-p1	iECNA114_1301.ECNA114_4097	33.7	365	219	8	25	385	31	376	1.1e-42	172.9
TcCLB.510837.20:mRNA-p1	iECB_1328.ECB_03842	33.2	365	221	8	25	385	31	376	1.5e-42	172.6
TcCLB.510837.20:mRNA-p1	iECD_1391.ECD_03842	33.2	365	221	8	25	385	31	376	1.5e-42	172.6
TcCLB.510837.20:mRNA-p1	iEcHS_1320.EcHS_A4191	33.2	365	221	8	25	385	31	376	1.5e-42	172.6
TcCLB.510837.20:mRNA-p1	iB21_1397.B21_03791	33.2	365	221	8	25	385	31	376	1.5e-42	172.6
TcCLB.510837.20:mRNA-p1	iECBD_1354.ECBD_4067	33.2	365	221	8	25	385	31	376	1.5e-42	172.6
TcCLB.510837.20:mRNA-p1	iEcSMS35_1347.EcSMS35_4404	33.4	365	220	8	25	385	31	376	1.5e-42	172.6
TcCLB.510837.20:mRNA-p1	iECIAI39_1322.ECIAI39_3032	33.4	365	220	8	25	385	31	376	1.9e-42	172.2
TcCLB.510837.20:mRNA-p1	iECABU_c1320.ECABU_c44680	33.4	365	220	8	25	385	31	376	2.5e-42	171.8
TcCLB.510837.20:mRNA-p1	iNRG857_1313.NRG857_19770	33.4	365	220	8	25	385	31	376	2.5e-42	171.8
TcCLB.510837.20:mRNA-p1	iUMN146_1321.UM146_20040	33.4	365	220	8	25	385	31	376	2.5e-42	171.8
TcCLB.510837.20:mRNA-p1	iECS88_1305.ECS88_4412	33.4	365	220	8	25	385	31	376	2.5e-42	171.8
TcCLB.510837.20:mRNA-p1	iSbBS512_1146.SbBS512_E4443	33.2	365	221	8	25	385	31	376	2.5e-42	171.8
TcCLB.510837.20:mRNA-p1	iECED1_1282.ECED1_4662	33.4	365	220	8	25	385	31	376	2.5e-42	171.8
TcCLB.510837.20:mRNA-p1	iECOK1_1307.ECOK1_4429	33.4	365	220	8	25	385	31	376	2.5e-42	171.8
TcCLB.510837.20:mRNA-p1	iECP_1309.ECP_4170	33.4	365	220	8	25	385	31	376	2.5e-42	171.8
TcCLB.510837.20:mRNA-p1	iLF82_1304.LF82_0120	33.4	365	220	8	25	385	31	376	2.5e-42	171.8
TcCLB.510837.20:mRNA-p1	iUTI89_1310.UTI89_C4548	33.4	365	220	8	25	385	44	389	2.5e-42	171.8
TcCLB.510837.20:mRNA-p1	ic_1306.c4916	33.4	365	220	8	25	385	44	389	2.5e-42	171.8
TcCLB.510837.20:mRNA-p1	iAPECO1_1312.APECO1_2510	33.4	365	220	8	25	385	44	389	2.5e-42	171.8
TcCLB.510837.9:mRNA-p1	iYL1228.KPN_01464	45.0	282	149	3	12	293	5	280	2.5e-61	234.6
TcCLB.510837.9:mRNA-p1	iEcSMS35_1347.EcSMS35_4404	37.9	253	147	4	25	276	31	274	9.1e-40	162.9
TcCLB.510837.9:mRNA-p1	iECIAI39_1322.ECIAI39_3032	37.9	253	147	4	25	276	31	274	1.2e-39	162.5
TcCLB.510837.9:mRNA-p1	iECABU_c1320.ECABU_c44680	37.9	253	147	4	25	276	31	274	1.6e-39	162.2
TcCLB.510837.9:mRNA-p1	iNRG857_1313.NRG857_19770	37.9	253	147	4	25	276	31	274	1.6e-39	162.2
TcCLB.510837.9:mRNA-p1	iSSON_1240.SSON_4130	37.5	253	148	4	25	276	31	274	1.6e-39	162.2
TcCLB.510837.9:mRNA-p1	iUMN146_1321.UM146_20040	37.9	253	147	4	25	276	31	274	1.6e-39	162.2
TcCLB.510837.9:mRNA-p1	iECS88_1305.ECS88_4412	37.9	253	147	4	25	276	31	274	1.6e-39	162.2
TcCLB.510837.9:mRNA-p1	iECED1_1282.ECED1_4662	37.9	253	147	4	25	276	31	274	1.6e-39	162.2
TcCLB.510837.9:mRNA-p1	iECOK1_1307.ECOK1_4429	37.9	253	147	4	25	276	31	274	1.6e-39	162.2
TcCLB.510837.9:mRNA-p1	iECP_1309.ECP_4170	37.9	253	147	4	25	276	31	274	1.6e-39	162.2
TcCLB.510837.9:mRNA-p1	iLF82_1304.LF82_0120	37.9	253	147	4	25	276	31	274	1.6e-39	162.2
TcCLB.510837.9:mRNA-p1	iUTI89_1310.UTI89_C4548	37.9	253	147	4	25	276	44	287	1.6e-39	162.2
TcCLB.510837.9:mRNA-p1	iSBO_1134.SBO_3976	37.5	253	148	4	25	276	31	274	1.6e-39	162.2
TcCLB.510837.9:mRNA-p1	ic_1306.c4916	37.9	253	147	4	25	276	44	287	1.6e-39	162.2
TcCLB.510837.9:mRNA-p1	iAPECO1_1312.APECO1_2510	37.9	253	147	4	25	276	44	287	1.6e-39	162.2
TcCLB.510837.9:mRNA-p1	iE2348C_1286.E2348C_4269	37.9	253	147	4	25	276	31	274	1.6e-39	162.2
TcCLB.510837.9:mRNA-p1	iECB_1328.ECB_03842	37.5	253	148	4	25	276	31	274	2.0e-39	161.8
TcCLB.510837.9:mRNA-p1	iEcolC_1368.EcolC_4059	37.5	253	148	4	25	276	31	274	2.0e-39	161.8
TcCLB.510837.9:mRNA-p1	iECD_1391.ECD_03842	37.5	253	148	4	25	276	31	274	2.0e-39	161.8
TcCLB.510837.9:mRNA-p1	iECO103_1326.ECO103_4713	37.5	253	148	4	25	276	31	274	2.0e-39	161.8
TcCLB.510837.9:mRNA-p1	iEcDH1_1363.EcDH1_4029	37.5	253	148	4	25	276	31	274	2.0e-39	161.8
TcCLB.510837.9:mRNA-p1	iEKO11_1354.EKO11_4355	37.5	253	148	4	25	276	31	274	2.0e-39	161.8
TcCLB.510837.9:mRNA-p1	iEcHS_1320.EcHS_A4191	37.5	253	148	4	25	276	31	274	2.0e-39	161.8
TcCLB.510837.9:mRNA-p1	iB21_1397.B21_03791	37.5	253	148	4	25	276	31	274	2.0e-39	161.8
TcCLB.510905.19:mRNA-p1	iRC1080.CRv4_Au5_s12_g3513_t1	48.5	194	89	4	44	236	67	250	1.4e-48	191.8
TcCLB.510905.19:mRNA-p1	iMM904.YOL097C	47.7	195	92	4	43	236	77	262	2.1e-44	177.9
TcCLB.510905.19:mRNA-p1	iND750.YOL097C	47.7	195	92	4	43	236	77	262	2.1e-44	177.9
TcCLB.511449.20:mRNA-p1	iRC1080.CRv4_Au5_s12_g3806_t1	33.3	120	56	5	57	162	39	148	6.4e-05	46.2
